first_name,last_name,nickname,player_country,player_continent,player_total_prize,game,game_genre
Peter,Rasmussen,dupreeh,Denmark,Europe,1822989.41,Counter-Strike: Global Offensive,First-Person Shooter
Andreas,Højsleth,Xyp9x,Denmark,Europe,1799288.57,Counter-Strike: Global Offensive,First-Person Shooter
Nicolai,Reedtz,dev1ce,Denmark,Europe,1787489.88,Counter-Strike: Global Offensive,First-Person Shooter
Lukas,Rossander,gla1ve,Denmark,Europe,1652350.75,Counter-Strike: Global Offensive,First-Person Shooter
Emil,Reif,Magisk,Denmark,Europe,1416448.64,Counter-Strike: Global Offensive,First-Person Shooter
Jakey,Yip,Stewie2k,United States of America,North America,1087340,Counter-Strike: Global Offensive,First-Person Shooter
Epitácio,de Melo,TACO,Brazil,South America,1063858.27,Counter-Strike: Global Offensive,First-Person Shooter
Fernando,Alvarenga,fer,Brazil,South America,1063038.92,Counter-Strike: Global Offensive,First-Person Shooter
Gabriel,Toledo,FalleN,Brazil,South America,1059938.92,Counter-Strike: Global Offensive,First-Person Shooter
Marcelo,David,coldzera,Brazil,South America,1021901.46,Counter-Strike: Global Offensive,First-Person Shooter
Keith,Markovic,NAF,Canada,North America,982765.66,Counter-Strike: Global Offensive,First-Person Shooter
Finn,Andersen,karrigan,Denmark,Europe,964635.39,Counter-Strike: Global Offensive,First-Person Shooter
Jonathan,Jablonowski,ELiGE,United States of America,North America,930696.42,Counter-Strike: Global Offensive,First-Person Shooter
Nick,Cannella,nitr0,United States of America,North America,920151.73,Counter-Strike: Global Offensive,First-Person Shooter
Jesper,Wecksell,JW,Sweden,Europe,897760.68,Counter-Strike: Global Offensive,First-Person Shooter
Olof,Kajbjer,olofmeister,Sweden,Europe,880011.52,Counter-Strike: Global Offensive,First-Person Shooter
Robin,Rönnquist,flusha,Sweden,Europe,877668.95,Counter-Strike: Global Offensive,First-Person Shooter
Freddy,Johansson,KRiMZ,Sweden,Europe,867823.34,Counter-Strike: Global Offensive,First-Person Shooter
Russel,Van Dulken,Twistzz,Canada,North America,835376.43,Counter-Strike: Global Offensive,First-Person Shooter
Dan,Madesclaire,apEX,France,Europe,814852.39,Counter-Strike: Global Offensive,First-Person Shooter
Nathan,Schmitt,NBK,France,Europe,805444.66,Counter-Strike: Global Offensive,First-Person Shooter
Ladislav,Kovács,GuardiaN,Slovakia,Europe,798520.8,Counter-Strike: Global Offensive,First-Person Shooter
Tarik,Celik,tarik,United States of America,North America,780039.21,Counter-Strike: Global Offensive,First-Person Shooter
Håvard,Nygaard,rain,Norway,Europe,763799.57,Counter-Strike: Global Offensive,First-Person Shooter
Nikola,Kovač,NiKo,Bosnia and Herzegovina,Europe,762802.56,Counter-Strike: Global Offensive,First-Person Shooter
Egor,Vasilyev,flamie,Russia,Europe,732920.07,Counter-Strike: Global Offensive,First-Person Shooter
Kenny,Schrub,kennyS,France,Europe,713086.68,Counter-Strike: Global Offensive,First-Person Shooter
Daniil,Teslenko,Zeus,Ukraine,Europe,689568.7,Counter-Strike: Global Offensive,First-Person Shooter
Alexander,Kostylev,s1mple,Ukraine,Europe,677155.31,Counter-Strike: Global Offensive,First-Person Shooter
Richard,Papillon,shox,France,Europe,660640.55,Counter-Strike: Global Offensive,First-Person Shooter
Janusz,Pogorzelski,snax,Poland,Europe,653938.44,Counter-Strike: Global Offensive,First-Person Shooter
Markus,Kjærbye,Kjaerbye,Denmark,Europe,617000.5,Counter-Strike: Global Offensive,First-Person Shooter
Ioann,Sukharev,Edward,Ukraine,Europe,613854.6,Counter-Strike: Global Offensive,First-Person Shooter
Filip,Kubski,neo,Poland,Europe,606880.52,Counter-Strike: Global Offensive,First-Person Shooter
Chris,de Jong,chrisJ,Netherlands,Europe,596748.79,Counter-Strike: Global Offensive,First-Person Shooter
Wiktor,Wojtas,TaZ,Poland,Europe,591510.89,Counter-Strike: Global Offensive,First-Person Shooter
Will,Wierzba,Rush,United States of America,North America,586616,Counter-Strike: Global Offensive,First-Person Shooter
Jarosław,Jarząbkowski,pashaBiceps,Poland,Europe,577382.35,Counter-Strike: Global Offensive,First-Person Shooter
Paweł,Bieliński,byali,Poland,Europe,574103.56,Counter-Strike: Global Offensive,First-Person Shooter
Patrik,Lindberg,f0rest,Sweden,Europe,547205.97,Counter-Strike: Global Offensive,First-Person Shooter
Denis,Sharipov,electroNic,Russia,Europe,531541.99,Counter-Strike: Global Offensive,First-Person Shooter
Christopher,Alesund,GeT_RiGhT,Sweden,Europe,517888.39,Counter-Strike: Global Offensive,First-Person Shooter
Richard,Landström,Xizt,Sweden,Europe,513805.74,Counter-Strike: Global Offensive,First-Person Shooter
Robin,Kool,ropz,Estonia,Europe,506010.74,Counter-Strike: Global Offensive,First-Person Shooter
Cédric,Guipouy,RpK,France,Europe,498887.62,Counter-Strike: Global Offensive,First-Person Shooter
Vincent,Schopenhauer,Happy,France,Europe,485910.46,Counter-Strike: Global Offensive,First-Person Shooter
Peter,Jarguz,stanislaw,Canada,North America,481487.38,Counter-Strike: Global Offensive,First-Person Shooter
Jonas,Olofsson,Lekr0,Sweden,Europe,464499.26,Counter-Strike: Global Offensive,First-Person Shooter
Timothy,Ta,autimatic,United States of America,North America,449799.56,Counter-Strike: Global Offensive,First-Person Shooter
Maikil,Selim,Golden,Sweden,Europe,448642.48,Counter-Strike: Global Offensive,First-Person Shooter
Tyler,Latham,Skadoodle,United States of America,North America,437479.98,Counter-Strike: Global Offensive,First-Person Shooter
Aleksi,Jalli,allu,Finland,Europe,418492.59,Counter-Strike: Global Offensive,First-Person Shooter
Renè,Borg,cajunb,Denmark,Europe,417465.86,Counter-Strike: Global Offensive,First-Person Shooter
Dauren,Kystaubayev,AdreN,Kazakhstan,Asia,414305.65,Counter-Strike: Global Offensive,First-Person Shooter
Adam,Friberg,friberg,Sweden,Europe,407662.41,Counter-Strike: Global Offensive,First-Person Shooter
Kristian,Wienecke,k0nfig,Denmark,Europe,403005.81,Counter-Strike: Global Offensive,First-Person Shooter
Vincent,Cayonte,Brehze,United States of America,North America,391973.94,Counter-Strike: Global Offensive,First-Person Shooter
Ethan,Arnold,nahtE,United States of America,North America,389680.38,Counter-Strike: Global Offensive,First-Person Shooter
Lincoln,Lau,fnx,Brazil,South America,387551.81,Counter-Strike: Global Offensive,First-Person Shooter
Ricardo,Prass,boltz,Brazil,South America,382208.97,Counter-Strike: Global Offensive,First-Person Shooter
Fabien,Fiey,KIOSHIMA,France,Europe,378500.99,Counter-Strike: Global Offensive,First-Person Shooter
Cvetelin,Nikolov,CeRq,Bulgaria,Europe,375765.04,Counter-Strike: Global Offensive,First-Person Shooter
Dennis,Edman,dennis,Sweden,Europe,361678.02,Counter-Strike: Global Offensive,First-Person Shooter
Mathias,Lauridsen,MSL,Denmark,Europe,349557.33,Counter-Strike: Global Offensive,First-Person Shooter
Denis,Kostin,seized,Russia,Europe,339091.34,Counter-Strike: Global Offensive,First-Person Shooter
Tomáš,Šťastný,oskar,Czech Republic,Europe,335508.19,Counter-Strike: Global Offensive,First-Person Shooter
Mathieu,Herbaut,ZywOo,France,Europe,333711.15,Counter-Strike: Global Offensive,First-Person Shooter
Philip,Aistrup,aizy,Denmark,Europe,332671.67,Counter-Strike: Global Offensive,First-Person Shooter
Miikka,Kemppi,suNny,Finland,Europe,326080,Counter-Strike: Global Offensive,First-Person Shooter
Valdemar,Vangså,Valde,Denmark,Europe,323423.04,Counter-Strike: Global Offensive,First-Person Shooter
João,Vasconcellos,felps,Brazil,South America,323127.22,Counter-Strike: Global Offensive,First-Person Shooter
Mikhail,Stolyarov,Dosia,Russia,Europe,307601.25,Counter-Strike: Global Offensive,First-Person Shooter
Can,Dörtkardes,XANTARES,Turkey,Asia,307129.97,Counter-Strike: Global Offensive,First-Person Shooter
Alexandre,Pianaro,bodyy,France,Europe,306178.43,Counter-Strike: Global Offensive,First-Person Shooter
Martin,Styk,STYKO,Slovakia,Europe,305655.12,Counter-Strike: Global Offensive,First-Person Shooter
Özgür,Eker,woxic,Turkey,Asia,302884.33,Counter-Strike: Global Offensive,First-Person Shooter
Fredrik,Sterner,REZ,Sweden,Europe,284845.29,Counter-Strike: Global Offensive,First-Person Shooter
Aleksi,Virolainen,Aleksib,Finland,Europe,276730.92,Counter-Strike: Global Offensive,First-Person Shooter
Alexey,Golubev,Qikert,Kazakhstan,Asia,275404.13,Counter-Strike: Global Offensive,First-Person Shooter
Rustem,Tlepov,mou,Kazakhstan,Asia,273859.49,Counter-Strike: Global Offensive,First-Person Shooter
Timur,Tulepov,Buster,Kazakhstan,Asia,273784.13,Counter-Strike: Global Offensive,First-Person Shooter
Ali,Dzhami,Jame,Russia,Europe,273117.72,Counter-Strike: Global Offensive,First-Person Shooter
Christophe,Xia,SIXER,France,Europe,272602,Counter-Strike: Global Offensive,First-Person Shooter
Abay,Khasenov,HObbit,Kazakhstan,Asia,269977.5,Counter-Strike: Global Offensive,First-Person Shooter
Edouard,Dubourdeaux,SmithZz,France,Europe,269446.78,Counter-Strike: Global Offensive,First-Person Shooter
David,Čerňanský,frozen,Slovakia,Europe,265131.4,Counter-Strike: Global Offensive,First-Person Shooter
Valentin,Vasilev,poiz0n,Bulgaria,Europe,260987.54,Counter-Strike: Global Offensive,First-Person Shooter
Damian,Steele,daps,Canada,North America,260797.63,Counter-Strike: Global Offensive,First-Person Shooter
Simon,Eliasson,twist,Sweden,Europe,260721.09,Counter-Strike: Global Offensive,First-Person Shooter
Henrique,Teles,hen1,Brazil,South America,256374.45,Counter-Strike: Global Offensive,First-Person Shooter
Adil,Benrlitom,ScreaM,Belgium,Europe,249663.46,Counter-Strike: Global Offensive,First-Person Shooter
Oscar,Cañellas,mixwell,Spain,Europe,247538.65,Counter-Strike: Global Offensive,First-Person Shooter
Johannes,Wodarz,tabseN,Germany,Europe,247248.57,Counter-Strike: Global Offensive,First-Person Shooter
Alex,McMeekin,ALEX,United Kingdom of Great Britain & Northern Ireland,Europe,245208.72,Counter-Strike: Global Offensive,First-Person Shooter
Damian,Kisłowski,Furlan,Poland,Europe,244070.27,Counter-Strike: Global Offensive,First-Person Shooter
HaoWen,Xu,somebody,China,Asia,242273.51,Counter-Strike: Global Offensive,First-Person Shooter
Jordan,Gilbert,n0thing,United States of America,North America,239956.42,Counter-Strike: Global Offensive,First-Person Shooter
Karol,Rodowicz,rallen,Poland,Europe,234332.17,Counter-Strike: Global Offensive,First-Person Shooter
Francois,Delaunay,Amanek,France,Europe,233210.47,Counter-Strike: Global Offensive,First-Person Shooter
Sanjar,Kuliev,SANJI,Uzbekistan,Asia,232167.42,Counter-Strike: Global Offensive,First-Person Shooter
Johan,Sundstein,N0tail,Denmark,Europe,6952596.58,Dota 2,Multiplayer Online Battle Arena
Jesse,Vainikka,JerAx,Finland,Europe,6470000.02,Dota 2,Multiplayer Online Battle Arena
Anathan,Pham,ana,Australia,Oceania,6000411.96,Dota 2,Multiplayer Online Battle Arena
Sébastien,Debs,Ceb,France,Europe,5554297.41,Dota 2,Multiplayer Online Battle Arena
Topias,Taavitsainen,Topson,Finland,Europe,5470902.57,Dota 2,Multiplayer Online Battle Arena
Kuro,Takhasomi,KuroKy,Germany,Europe,5193382.81,Dota 2,Multiplayer Online Battle Arena
Amer,Al-Barkawi,Miracle-,Jordan,Asia,4798043.68,Dota 2,Multiplayer Online Battle Arena
Ivan,Ivanov,MinD_ContRoL,Bulgaria,Europe,4579118.16,Dota 2,Multiplayer Online Battle Arena
Maroun,Merhej,GH,Lebanon,Asia,4193412.69,Dota 2,Multiplayer Online Battle Arena
Lasse,Urpalainen,Matumbaman,Finland,Europe,3765369.04,Dota 2,Multiplayer Online Battle Arena
Sumail,Hassan,SumaiL,Pakistan,Asia,3608317.34,Dota 2,Multiplayer Online Battle Arena
Saahil,Arora,UNiVeRsE,United States of America,North America,3057237.67,Dota 2,Multiplayer Online Battle Arena
Peter,Dager,ppd,United States of America,North America,2995619.62,Dota 2,Multiplayer Online Battle Arena
Lu,Yao,Somnus丶M,China,Asia,2984982.14,Dota 2,Multiplayer Online Battle Arena
Linsen,Xu,fy,China,Asia,2894690.34,Dota 2,Multiplayer Online Battle Arena
Clement,Ivanov,Puppey,Estonia,Europe,2864004.17,Dota 2,Multiplayer Online Battle Arena
Clinton,Loomis,Fear,United States of America,North America,2551657.34,Dota 2,Multiplayer Online Battle Arena
Gustav,Magnusson,s4,Sweden,Europe,2545626.14,Dota 2,Multiplayer Online Battle Arena
Ludwig,Wåhlberg,Zai,Sweden,Europe,2504134.31,Dota 2,Multiplayer Online Battle Arena
Tal,Aizik,Fly,Israel,Asia,2381155.91,Dota 2,Multiplayer Online Battle Arena
Aliwi,Omar,w33,Romania,Europe,2275625.58,Dota 2,Multiplayer Online Battle Arena
Artour,Babaev,Arteezy,Canada,North America,2257053.21,Dota 2,Multiplayer Online Battle Arena
Chunyu,Wang,Ame,China,Asia,2244012.27,Dota 2,Multiplayer Online Battle Arena
Zhang,Yiping,y`,China,Asia,2097095.28,Dota 2,Multiplayer Online Battle Arena
Zhang,Ruida,Faith_bian,China,Asia,2078534.86,Dota 2,Multiplayer Online Battle Arena
Andreas,Nielsen,Cr1t,Denmark,Europe,2007841.6,Dota 2,Multiplayer Online Battle Arena
Kurtis,Ling,Aui_2000,Canada,North America,2006311.11,Dota 2,Multiplayer Online Battle Arena
Peng,Li,iceice,China,Asia,2002159.51,Dota 2,Multiplayer Online Battle Arena
Chu,Zeyu,Shadow,China,Asia,1982225.7,Dota 2,Multiplayer Online Battle Arena
Zhou,Yang,bLink,China,Asia,1960956.47,Dota 2,Multiplayer Online Battle Arena
Jianwei,Yap,xNova,Malaysia,Asia,1882492.98,Dota 2,Multiplayer Online Battle Arena
Shenyi,Yang,Chalice,China,Asia,1848849.88,Dota 2,Multiplayer Online Battle Arena
Ning,Zhang,xiao8,China,Asia,1830094.33,Dota 2,Multiplayer Online Battle Arena
Damien,Chok,kpii,Australia,Oceania,1809225.3,Dota 2,Multiplayer Online Battle Arena
Roman,Kushnarev,RAMZES666,Russia,Europe,1787796.92,Dota 2,Multiplayer Online Battle Arena
Liangzhi,Hu,KaKa,China,Asia,1787083.53,Dota 2,Multiplayer Online Battle Arena
Yeik Nai,Zheng,MidOne,Malaysia,Asia,1781891.47,Dota 2,Multiplayer Online Battle Arena
Alexei,Berezin,Solo,Russia,Europe,1778125.61,Dota 2,Multiplayer Online Battle Arena
Zhihao,Chen,Hao,China,Asia,1755205.74,Dota 2,Multiplayer Online Battle Arena
Hongda,Zeng,Faith,China,Asia,1745944.26,Dota 2,Multiplayer Online Battle Arena
Pavel,Khvastunov,9pasha,Russia,Europe,1713179.57,Dota 2,Multiplayer Online Battle Arena
Vladimir,Minenko,Noone,Ukraine,Europe,1617323.45,Dota 2,Multiplayer Online Battle Arena
Junhao,Xie,Super,China,Asia,1598492.49,Dota 2,Multiplayer Online Battle Arena
Daryl Pei Xiang,Koh,iceiceice,Singapore,Asia,1553261.96,Dota 2,Multiplayer Online Battle Arena
Yazied,Jaradat,YapzOr,Jordan,Asia,1533698.67,Dota 2,Multiplayer Online Battle Arena
Rasmus,Fillipsen,MiSeRy,Denmark,Europe,1484921.92,Dota 2,Multiplayer Online Battle Arena
Roman,Fominok,Resolut1on,Ukraine,Europe,1460470.75,Dota 2,Multiplayer Online Battle Arena
Chao,Lu,Fenrir,China,Asia,1402208.92,Dota 2,Multiplayer Online Battle Arena
Pan,Zhang,Mu,China,Asia,1386339.43,Dota 2,Multiplayer Online Battle Arena
Zhicheng,Zhang,LaNm,China,Asia,1348804.67,Dota 2,Multiplayer Online Battle Arena
Fa Ming,Liang,DDC,Macao,Europe,1337308.37,Dota 2,Multiplayer Online Battle Arena
Vladimir,Nikogosyan,RodjER,Russia,Europe,1325834.13,Dota 2,Multiplayer Online Battle Arena
Adrian,Trinks,FATA,Germany,Europe,1314968.82,Dota 2,Multiplayer Online Battle Arena
Chun,Song,Sccc,China,Asia,1272450.74,Dota 2,Multiplayer Online Battle Arena
Wang,Jiao,Banana,China,Asia,1271085,Dota 2,Multiplayer Online Battle Arena
Xu,Han,Moogy,China,Asia,1221917.1,Dota 2,Multiplayer Online Battle Arena
Jiajun,Liu,Sylar,China,Asia,1212757.14,Dota 2,Multiplayer Online Battle Arena
Ren,Yangwei,eLeVeN,China,Asia,1211710.47,Dota 2,Multiplayer Online Battle Arena
Zhaohui,Wang,SanSheng,China,Asia,1202225.88,Dota 2,Multiplayer Online Battle Arena
Zhengzheng,Yao,Yao,China,Asia,1186002.61,Dota 2,Multiplayer Online Battle Arena
Zengrong,Lei,MMY!,China,Asia,1100271.44,Dota 2,Multiplayer Online Battle Arena
Bin,Fu,Q,China,Asia,1081544.74,Dota 2,Multiplayer Online Battle Arena
Martin,Sazdov,Saksa,Macedonia,Europe,1046689.75,Dota 2,Multiplayer Online Battle Arena
Yee Fung,Chai,Mushi,Malaysia,Asia,1023582.18,Dota 2,Multiplayer Online Battle Arena
Chengjun,Zhang,Paparazi,China,Asia,1001723.8,Dota 2,Multiplayer Online Battle Arena
Johan,Åström,pieliedie,Sweden,Europe,989390.86,Dota 2,Multiplayer Online Battle Arena
Jacky,Mao,EternaLEnVy,Canada,North America,987072.69,Dota 2,Multiplayer Online Battle Arena
Michał,Jankowski,Nisha,Poland,Europe,933853.71,Dota 2,Multiplayer Online Battle Arena
Ilya,Ilyuk,Lil,Ukraine,Europe,917449.86,Dota 2,Multiplayer Online Battle Arena
Zheng,Sun,Agressif,China,Asia,871452.21,Dota 2,Multiplayer Online Battle Arena
Zhilei,Xu,BurNIng,China,Asia,865656.21,Dota 2,Multiplayer Online Battle Arena
David,Tan,MoonMeander,Canada,North America,845345.4,Dota 2,Multiplayer Online Battle Arena
Jiaoyang,Zeng,Ori,China,Asia,830696.89,Dota 2,Multiplayer Online Battle Arena
David,Hull,Moo,United States of America,North America,822916.86,Dota 2,Multiplayer Online Battle Arena
Haiyang,Zhou,Yang,China,Asia,821961.68,Dota 2,Multiplayer Online Battle Arena
Peng,Du,Monet,China,Asia,813169.73,Dota 2,Multiplayer Online Battle Arena
Danil,Ishutin,Dendi,Ukraine,Europe,801915.23,Dota 2,Multiplayer Online Battle Arena
Djardel Jicko,Mampusti,DJ,Phillipines,Asia,798597.31,Dota 2,Multiplayer Online Battle Arena
Tue Soon,Chuan,Ah-fu,Malaysia,Asia,781396.55,Dota 2,Multiplayer Online Battle Arena
Fan,Bai,rOtK,China,Asia,780761.31,Dota 2,Multiplayer Online Battle Arena
Timothy,Randrup,Tims,Phillipines,Asia,770563.75,Dota 2,Multiplayer Online Battle Arena
Marcus,Hoelgaard,Ace,Denmark,Europe,734369.52,Dota 2,Multiplayer Online Battle Arena
Hock Chuan,Wong,ChuaN,Malaysia,Asia,714049.53,Dota 2,Multiplayer Online Battle Arena
Kuku,Palad,KuKU,Phillipines,Asia,710464.63,Dota 2,Multiplayer Online Battle Arena
Xinzhou,Liu,garder,China,Asia,705536.2,Dota 2,Multiplayer Online Battle Arena
Jonathan,Berg,Loda,Sweden,Europe,698363.52,Dota 2,Multiplayer Online Battle Arena
Zezhi,Chen,Xz,China,Asia,692327.42,Dota 2,Multiplayer Online Battle Arena
Jerry,Lundqvist,EGM,Sweden,Europe,679039.12,Dota 2,Multiplayer Online Battle Arena
Oleksandr,Dashkevych,XBOCT,Ukraine,Europe,661271.48,Dota 2,Multiplayer Online Battle Arena
Jiwei,Huang,Shiki,China,Asia,653514.33,Dota 2,Multiplayer Online Battle Arena
Joakim,Akterhall,Akke,Sweden,Europe,643143.08,Dota 2,Multiplayer Online Battle Arena
Pan,Yi,Fade,China,Asia,641178.98,Dota 2,Multiplayer Online Battle Arena
Henrik,Ahnberg,AdmiralBulldog,Sweden,Europe,638938.79,Dota 2,Multiplayer Online Battle Arena
Marc Polo,Luis Fausto,Raven,Phillipines,Asia,609393.1,Dota 2,Multiplayer Online Battle Arena
Yong Min,Kim,Febby,Republic of Korea,Asia,602221.88,Dota 2,Multiplayer Online Battle Arena
Yongzheng,He,Inflame,China,Asia,601854.15,Dota 2,Multiplayer Online Battle Arena
Cong,Ding,Dy,China,Asia,594922.51,Dota 2,Multiplayer Online Battle Arena
Sunyeob,Kim,QO,Republic of Korea,Asia,591322.79,Dota 2,Multiplayer Online Battle Arena
Artem,Barshack,fng,Belarus,Europe,591271.39,Dota 2,Multiplayer Online Battle Arena
Noah,Pyo,MP,Republic of Korea,Asia,591176.77,Dota 2,Multiplayer Online Battle Arena
Sang Hyeok,Lee,Faker,Republic of Korea,Asia,1257615.87,League of Legends,Multiplayer Online Battle Arena
Ho Seong,Lee,Duke,Republic of Korea,Asia,954620.62,League of Legends,Multiplayer Online Battle Arena
Jun Sik,Bae,Bang,Republic of Korea,Asia,915451.46,League of Legends,Multiplayer Online Battle Arena
Jae Wan,Lee,Wolf,Republic of Korea,Asia,913084.7,League of Legends,Multiplayer Online Battle Arena
Seong Ung,Bae,Bengi,Republic of Korea,Asia,810683,League of Legends,Multiplayer Online Battle Arena
Wen Bo,Yu,JackeyLove,China,Asia,682248.64,League of Legends,Multiplayer Online Battle Arena
Eui Jin,Song,Rookie,Republic of Korea,Asia,610445.7,League of Legends,Multiplayer Online Battle Arena
Zhen Ning,Gao,Ning,China,Asia,566607.87,League of Legends,Multiplayer Online Battle Arena
Sun Gu,Kang,Blank,Republic of Korea,Asia,559518.75,League of Legends,Multiplayer Online Battle Arena
Jo,Yong-in,CoreJJ,Republic of Korea,Asia,556087.84,League of Legends,Multiplayer Online Battle Arena
Chan Yong,Kang,Ambition,Republic of Korea,Asia,553234.2,League of Legends,Multiplayer Online Battle Arena
Liu Yi,Wang,Baolan,China,Asia,548235.82,League of Legends,Multiplayer Online Battle Arena
Zihao,Jian,Uzi,China,Asia,545447.56,League of Legends,Multiplayer Online Battle Arena
Hau Hsuan,Hung,Karsa,Taiwan,Asia,538926.12,League of Legends,Multiplayer Online Battle Arena
Dong Geun,Kang,TheShy,Republic of Korea,Asia,538444.86,League of Legends,Multiplayer Online Battle Arena
Se Hyeong,Cho,Mata,Republic of Korea,Asia,533979.52,League of Legends,Multiplayer Online Battle Arena
Jae Hyuk,Park,Ruler,Republic of Korea,Asia,526957.64,League of Legends,Multiplayer Online Battle Arena
Jung,Eon-yeong,Impact,Republic of Korea,Asia,515306.14,League of Legends,Multiplayer Online Battle Arena
Yuan Hao,Li,xiaohu,China,Asia,507800.58,League of Legends,Multiplayer Online Battle Arena
Seong Jin,Lee,CuVee,Republic of Korea,Asia,488379.08,League of Legends,Multiplayer Online Battle Arena
Min Ho,Lee,Crown,Republic of Korea,Asia,483747.81,League of Legends,Multiplayer Online Battle Arena
Wang Ho,Han,Peanut,Republic of Korea,Asia,479060.15,League of Legends,Multiplayer Online Battle Arena
Shi Yu,Liu,Mlxg,China,Asia,472216.01,League of Legends,Multiplayer Online Battle Arena
Luka,Perković,PerkZ,Croatia,Europe,471280.47,League of Legends,Multiplayer Online Battle Arena
Kai,Ming,ClearLove,China,Asia,471086.78,League of Legends,Multiplayer Online Battle Arena
Rasmus,Winther,Caps,Denmark,Europe,458259.05,League of Legends,Multiplayer Online Battle Arena
Won Seok,Heo,PawN,Republic of Korea,Asia,440580.94,League of Legends,Multiplayer Online Battle Arena
Martin,Larsson,Rekkles,Sweden,Europe,438830.14,League of Legends,Multiplayer Online Battle Arena
Paul,Boyer,sOAZ,France,Europe,422314.79,League of Legends,Multiplayer Online Battle Arena
Hyuk Kyu,Kim,Deft,Republic of Korea,Asia,409144.64,League of Legends,Multiplayer Online Battle Arena
Marcin,Jankowski,Jankos,Poland,Europe,403320.75,League of Legends,Multiplayer Online Battle Arena
Sen Ming,Shi,Ming,China,Asia,379664.5,League of Legends,Multiplayer Online Battle Arena
Jong In,Kim,PraY,Republic of Korea,Asia,374778.08,League of Legends,Multiplayer Online Battle Arena
Jun Ze,Yan,letme,China,Asia,360201.28,League of Legends,Multiplayer Online Battle Arena
Min Seung,Kang,Haru,Republic of Korea,Asia,348691.73,League of Legends,Multiplayer Online Battle Arena
Seung Hoon,Heo,Huni,Republic of Korea,Asia,347699.25,League of Legends,Multiplayer Online Battle Arena
Hyeong Seok,Jang,Looper,Republic of Korea,Asia,346307.48,League of Legends,Multiplayer Online Battle Arena
Ye,Tian,Meiko,China,Asia,337832.12,League of Legends,Multiplayer Online Battle Arena
Shuo Jie,Hu,SwordArt,Taiwan,Asia,337163.36,League of Legends,Multiplayer Online Battle Arena
Martin,Hansen,Wunder,Denmark,Europe,336306.24,League of Legends,Multiplayer Online Battle Arena
Tae Sang,Kim,doinb,Republic of Korea,Asia,330849.29,League of Legends,Multiplayer Online Battle Arena
Beom Hyeon,Kang,GorillA,Republic of Korea,Asia,329318.02,League of Legends,Multiplayer Online Battle Arena
Zdravec,Gulubov,Hylissang,Bulgaria,Europe,325910.24,League of Legends,Multiplayer Online Battle Arena
Seung Bin,Gu,imp,Republic of Korea,Asia,318379.81,League of Legends,Multiplayer Online Battle Arena
Mads,Brock-Pedersen,Broxah,Denmark,Europe,313654.08,League of Legends,Multiplayer Online Battle Arena
Peter,Peng,Doublelift,United States of America,North America,306475.81,League of Legends,Multiplayer Online Battle Arena
Kyung Ho,Song,Smeb,Republic of Korea,Asia,300818.81,League of Legends,Multiplayer Online Battle Arena
Gabriël,Rau,Bwipo,Belgium,Europe,287279.5,League of Legends,Multiplayer Online Battle Arena
Bo Wei,Cheng,bebe,Taiwan,Asia,286115.32,League of Legends,Multiplayer Online Battle Arena
Zachary,Scuderi,Sneaky,United States of America,North America,282456.48,League of Legends,Multiplayer Online Battle Arena
In Kyu,Choi,DanDy,Republic of Korea,Asia,281150.19,League of Legends,Multiplayer Online Battle Arena
Wei Xiang,Lin,Lwx,China,Asia,271901.75,League of Legends,Multiplayer Online Battle Arena
Tian Liang,Gao,Tian,China,Asia,268282.03,League of Legends,Multiplayer Online Battle Arena
Seo Haeng,Lee,kurO,Republic of Korea,Asia,267646.88,League of Legends,Multiplayer Online Battle Arena
Han Saem,Kim,GimGoon,Republic of Korea,Asia,266509.03,League of Legends,Multiplayer Online Battle Arena
Qing Song,Liu,Crisp,China,Asia,265601.98,League of Legends,Multiplayer Online Battle Arena
Gwang Jin,Chae,Piglet,Republic of Korea,Asia,265429.15,League of Legends,Multiplayer Online Battle Arena
Nicolaj,Jensen,Jensen,Denmark,Europe,265283.06,League of Legends,Multiplayer Online Battle Arena
Yang,Tong,Koro1,China,Asia,260755.41,League of Legends,Multiplayer Online Battle Arena
Jake,Puchero,Xmithie,Phillipines,Asia,260170.9,League of Legends,Multiplayer Online Battle Arena
Dennis,Johnsen,Svenskeren,Denmark,Europe,257257.41,League of Legends,Multiplayer Online Battle Arena
Jeong Hyeon,Lee,PoohManDu,Republic of Korea,Asia,256771.39,League of Legends,Multiplayer Online Battle Arena
Alfonso,Aguirre Rodriguez,Mithy,Spain,Europe,252718.89,League of Legends,Multiplayer Online Battle Arena
Jesper,Svenningsen,Zven,Denmark,Europe,250580.01,League of Legends,Multiplayer Online Battle Arena
Søren,Bjerg,Bjergsen,Denmark,Europe,250222.7,League of Legends,Multiplayer Online Battle Arena
Ji Hoon,Lee,Easyhoon,Republic of Korea,Asia,249497.86,League of Legends,Multiplayer Online Battle Arena
Ye Chan,Lee,Scout,Republic of Korea,Asia,242290.45,League of Legends,Multiplayer Online Battle Arena
Yi Tang,Huang,Maple,Taiwan,Asia,240437.63,League of Legends,Multiplayer Online Battle Arena
Dong Ha,Kim,Khan,Republic of Korea,Asia,232418.28,League of Legends,Multiplayer Online Battle Arena
Kyung Sup,Yoon,Zero,Republic of Korea,Asia,229438.65,League of Legends,Multiplayer Online Battle Arena
June Tsan,Wang,Stanley,Taiwan,Asia,225522.01,League of Legends,Multiplayer Online Battle Arena
Kurtis Wai Kin,Lau,Toyz,Hong Kong,Europe,224722.01,League of Legends,Multiplayer Online Battle Arena
Mihael,Mehle,Mikyx,Slovenia,Europe,220292.5,League of Legends,Multiplayer Online Battle Arena
Gyeong Hwan,Jang,MaRin,Republic of Korea,Asia,219660.3,League of Legends,Multiplayer Online Battle Arena
Kuan Po,Sung,Lilballz,Taiwan,Asia,217429.72,League of Legends,Multiplayer Online Battle Arena
Hui Chung,Chen,MiSTakE,Taiwan,Asia,216539.83,League of Legends,Multiplayer Online Battle Arena
Han Wei,Su,xiye,China,Asia,206587.79,League of Legends,Multiplayer Online Battle Arena
Yu Hao,Chen,Mouse,China,Asia,198089.09,League of Legends,Multiplayer Online Battle Arena
Zhihao,Liu,Zzitai,China,Asia,191889.12,League of Legends,Multiplayer Online Battle Arena
Sung Joon,Jin,Mystic,Republic of Korea,Asia,189265.81,League of Legends,Multiplayer Online Battle Arena
Dong Bin,Go,Score,Republic of Korea,Asia,185512.99,League of Legends,Multiplayer Online Battle Arena
Sang Ook,Yoo,Ryu,Republic of Korea,Asia,184100.69,League of Legends,Multiplayer Online Battle Arena
Bora,Kim,YellOwStaR,France,Europe,183976.33,League of Legends,Multiplayer Online Battle Arena
Bo Seong,Gwak,Bdd,Republic of Korea,Asia,182877.42,League of Legends,Multiplayer Online Battle Arena
Jason,Tran,WildTurtle,Canada,North America,182066.13,League of Legends,Multiplayer Online Battle Arena
Ding,Zhuo,Knight,China,Asia,180858.29,League of Legends,Multiplayer Online Battle Arena
Gang Yun,Kim,Trick,Republic of Korea,Asia,177780.23,League of Legends,Multiplayer Online Battle Arena
Yu Hung,Lu,Betty,Taiwan,Asia,177478.08,League of Legends,Multiplayer Online Battle Arena
Su,Heo,ShowMaker,Republic of Korea,Asia,177331.43,League of Legends,Multiplayer Online Battle Arena
Ha Gwon,Jang,Nuguri,Republic of Korea,Asia,176983.88,League of Legends,Multiplayer Online Battle Arena
Geon Bu,Kim,Canyon,Republic of Korea,Asia,174361.72,League of Legends,Multiplayer Online Battle Arena
Jia Hao,Bai,369,China,Asia,173098.69,League of Legends,Multiplayer Online Battle Arena
Geon Hee,Cho,BeryL,Republic of Korea,Asia,170911.34,League of Legends,Multiplayer Online Battle Arena
Dong Wook,Lee,LokeN,Republic of Korea,Asia,170679.58,League of Legends,Multiplayer Online Battle Arena
Enrique,Cedeño Martinez,xPeke,Spain,Europe,166127.4,League of Legends,Multiplayer Online Battle Arena
Dae Han,Gi,Expect,Republic of Korea,Asia,165169.85,League of Legends,Multiplayer Online Battle Arena
Zhuojun,Feng,Fzzf,China,Asia,164821.18,League of Legends,Multiplayer Online Battle Arena
Ren Jie,Xiang,Condi,China,Asia,161938.75,League of Legends,Multiplayer Online Battle Arena
Petter,Freyschuss,Hjärnan,Sweden,Europe,160818.8,League of Legends,Multiplayer Online Battle Arena
Chang Yu,Ke,957,China,Asia,159402.36,League of Legends,Multiplayer Online Battle Arena
Kyle,Giersdorf,Bugha,United States of America,North America,3141395.05,Fortnite,Battle Royale
David,Wang,Aqua,Austria,Europe,1923774.23,Fortnite,Battle Royale
Harrison,Chang,psalm,United States of America,North America,1873138.8,Fortnite,Battle Royale
Emil,Bergquist Pedersen,Nyhrox,Norway,Europe,1536845.69,Fortnite,Battle Royale
Shane,Cotton,EpikWhale,United States of America,North America,1349767.32,Fortnite,Battle Royale
Jaden,Ashman,Wolfiez,United Kingdom of Great Britain & Northern Ireland,Europe,1331128.07,Fortnite,Battle Royale
Dave,Jong,Rojo,Netherlands,Europe,1213576.66,Fortnite,Battle Royale
Nate,Kou,Kreo,Hong Kong,Europe,1200043.07,Fortnite,Battle Royale
Williams,Aubin,Zayt,Canada,North America,1186189.75,Fortnite,Battle Royale
Rocco,Morales,Saf,United States of America,North America,1126345.35,Fortnite,Battle Royale
Davis,McClellan,Ceice,United States of America,North America,1109880.47,Fortnite,Battle Royale
Thiago,Lapp,kinG,Argentina,South America,1021000,Fortnite,Battle Royale
Hayden,Krueger,Elevate,United States of America,North America,991583.2,Fortnite,Battle Royale
Clément,Danglot,Skite,France,Europe,850264.02,Fortnite,Battle Royale
Dmitri,Van de Vrie,Mitr0,Netherlands,Europe,775574.81,Fortnite,Battle Royale
Theo,Ferrer,Crue,Sweden,Europe,715350,Fortnite,Battle Royale
Kyle,Jackson,Mongraal,United Kingdom of Great Britain & Northern Ireland,Europe,673154.23,Fortnite,Battle Royale
Timothy,Miller,Bizzle,United States of America,North America,615626.39,Fortnite,Battle Royale
Diego,Lima,Arkhram,United States of America,North America,608416.68,Fortnite,Battle Royale
Turner,Tenney,Tfue,United States of America,North America,594850,Fortnite,Battle Royale
Anthony,Colandro,ZexRow,United States of America,North America,506099.73,Fortnite,Battle Royale
Benjy David,Fish,BenjyFishy,United Kingdom of Great Britain & Northern Ireland,Europe,496429.32,Fortnite,Battle Royale
Klaus,Konstanzer,stompy,Austria,Europe,492271.94,Fortnite,Battle Royale
Brendan,Falconer,Falconer,United States of America,North America,482850,Fortnite,Battle Royale
Nathan,Berquignol,Nayte,France,Europe,474562.23,Fortnite,Battle Royale
Daniel,Walsh,Dubs,United States of America,North America,468099.99,Fortnite,Battle Royale
Dennis,Lepore,Cloakzy,United States of America,North America,437975,Fortnite,Battle Royale
Nate,Hill,Nate Hill,United States of America,North America,437369.11,Fortnite,Battle Royale
Noah,Wright,Vivid,United States of America,North America,417366.67,Fortnite,Battle Royale
Duong,Huynh,Kinstaar,Switzerland,Europe,414258.4,Fortnite,Battle Royale
Noam,Ackenine,Megga,United States of America,North America,381283.32,Fortnite,Battle Royale
River,Handley,Riversan,United States of America,North America,360841.67,Fortnite,Battle Royale
Vinny,Gilgan,Vinny,United States of America,North America,350238.8,Fortnite,Battle Royale
Jack,-,Cizzorz,United States of America,North America,345750,Fortnite,Battle Royale
Tyler,-,hiimtylerh,Canada,North America,341250,Fortnite,Battle Royale
Stephan,-,Suezhoo,Belgium,Europe,341250,Fortnite,Battle Royale
-,-,Zand,Denmark,Europe,341250,Fortnite,Battle Royale
Ryan,Chaplo,Chap,United States of America,North America,341066.67,Fortnite,Battle Royale
Thomas,Hörak,Tschiiinken,Austria,Europe,326176.94,Fortnite,Battle Royale
Jake,Brumleve,Poach,United States of America,North America,324900,Fortnite,Battle Royale
Trevor,Siegler,FunkBomb,United States of America,North America,315616.67,Fortnite,Battle Royale
Thomas,Mulligan,72hrs,United States of America,North America,310008.33,Fortnite,Battle Royale
Pierre,Mesey,Vato,Switzerland,Europe,285707.09,Fortnite,Battle Royale
Martin,Foss,MrSavage,Norway,Europe,271316.73,Fortnite,Battle Royale
Domeniks,Bunts,Domentos,Latvia,Europe,269887.84,Fortnite,Battle Royale
Malachi,Greiner,Reverse2k,United States of America,North America,255546.92,Fortnite,Battle Royale
Cody,Conrod,Clix,United States of America,North America,250968.08,Fortnite,Battle Royale
Austin,Etue,Morgausse,United States of America,North America,250938.56,Fortnite,Battle Royale
Mack,Aesoph,MackWood,United States of America,North America,250525,Fortnite,Battle Royale
Dylan,Moore,Dmo,United States of America,North America,243025,Fortnite,Battle Royale
Jonathan,Weber,yung calculator,United States of America,North America,229850.77,Fortnite,Battle Royale
Corentin,Tardif,Hunter,France,Europe,229464.98,Fortnite,Battle Royale
William,Paquin-Brien,Fatch,Canada,North America,228500,Fortnite,Battle Royale
Josh,Roach,Commandment,United States of America,North America,221752.32,Fortnite,Battle Royale
Keenan,Santos,Rhux,United States of America,North America,217500,Fortnite,Battle Royale
Calum,MacGillivray,itemm,United Kingdom of Great Britain & Northern Ireland,Europe,215605,Fortnite,Battle Royale
Nick,McGuire,Aspect,United States of America,North America,215391.67,Fortnite,Battle Royale
Adam,Boyer-Dræby,Boyer,Denmark,Europe,210575.84,Fortnite,Battle Royale
Patrik,Zaharchenko,Pate1k,Norway,Europe,207201.06,Fortnite,Battle Royale
Sven,Edelenbosch,Svennoss,Netherlands,Europe,205008.33,Fortnite,Battle Royale
Tai,Starčič,TaySon,Slovenia,Europe,200130,Fortnite,Battle Royale
Liam,Fillery,Kamo,Germany,Europe,197139.97,Fortnite,Battle Royale
Fabian,Real,Derox,Germany,Europe,195617.67,Fortnite,Battle Royale
Yan,Kaur,Fwexy,Russia,Europe,193787.59,Fortnite,Battle Royale
Mark,Danilov,Letw1k3,Russia,Europe,189482.52,Fortnite,Battle Royale
Artur,Kurshin,7ssk7,Belarus,Europe,188358.03,Fortnite,Battle Royale
Jannis,Matwin,JannisZ,Germany,Europe,188212.42,Fortnite,Battle Royale
Thomas,Davidsen,Th0masHD,Denmark,Europe,188090,Fortnite,Battle Royale
Alexandre,Christophe,Andilex,France,Europe,187095.73,Fortnite,Battle Royale
Julio Cesar,Nevarez,Pika,United States of America,North America,182950,Fortnite,Battle Royale
Klaivert,Dervishi,Teeqzy,Belgium,Europe,179596.3,Fortnite,Battle Royale
Lassi,Kallio,BELAEU,Finland,Europe,178610,Fortnite,Battle Royale
Endre,Byre,Endretta,Norway,Europe,176803.33,Fortnite,Battle Royale
Karim,Benghalia,Aïrwaks,Switzerland,Europe,176598.27,Fortnite,Battle Royale
Sean,Close,Sean,Canada,North America,174733.33,Fortnite,Battle Royale
Felix,Hortlund,Wakie,Sweden,Europe,174439.58,Fortnite,Battle Royale
Jamal,Saidayev,Jamside,Russia,Europe,172779.7,Fortnite,Battle Royale
Aydan,Conrad,Aydan,United States of America,North America,172583.33,Fortnite,Battle Royale
Pontus,Bucht,Tchub,Sweden,Europe,172400,Fortnite,Battle Royale
Howard,Castiaux,Noward,Belgium,Europe,172385.27,Fortnite,Battle Royale
Blaž,Lešnik,K1nzell,Slovenia,Europe,167697.53,Fortnite,Battle Royale
Evan,Barron,Cented,Canada,North America,160410.62,Fortnite,Battle Royale
Dominick,Green,Unknown,United States of America,North America,159833.35,Fortnite,Battle Royale
Alexander,Zayedli,Znappy,Sweden,Europe,159160.84,Fortnite,Battle Royale
David,Bois,LeNain,Canada,North America,158350,Fortnite,Battle Royale
Ben,Peterson,Edgey,United States of America,North America,153868.98,Fortnite,Battle Royale
Maxime,Thomas,Blax,France,Europe,152619.67,Fortnite,Battle Royale
Anthony,Waller,Tendons,United States of America,North America,150900,Fortnite,Battle Royale
Jong Su,Lee,Peterpan,Republic of Korea,Asia,147050,Fortnite,Battle Royale
Victor,Lopez,TheVic,France,Europe,144507.88,Fortnite,Battle Royale
-,-,Furious,United States of America,North America,143908.34,Fortnite,Battle Royale
Tyler,Blevins,Ninja,United States of America,North America,142413.56,Fortnite,Battle Royale
-,-,4DRStorm,United States of America,North America,141158.34,Fortnite,Battle Royale
Zygimantas,Navickas,Redrush,Lithuania,Europe,139936.26,Fortnite,Battle Royale
Mason,Lanier,Symfuhny,United States of America,North America,139866.67,Fortnite,Battle Royale
Nicolas,Frejavise,Nikof,France,Europe,137954,Fortnite,Battle Royale
Moussa,Faour,Chapix,Sweden,Europe,136820,Fortnite,Battle Royale
Jonas Colkær,Thomsen,Klusia,Denmark,Europe,136810,Fortnite,Battle Royale
Kevin,Fedjuschkin,Letshe,Germany,Europe,135928.06,Fortnite,Battle Royale
Jordan,Tucker,Tuckz,United Kingdom of Great Britain & Northern Ireland,Europe,134800,Fortnite,Battle Royale
Dong Jun,Kim,Rascal,Republic of Korea,Asia,331108.68,Overwatch,First-Person Shooter
Nam Joo,Kwon,Striker,Republic of Korea,Asia,327424.24,Overwatch,First-Person Shooter
Myeong Hwan,Yoo,smurf,Republic of Korea,Asia,322184.16,Overwatch,First-Person Shooter
Hyo Bin,Choi,ChoiHyoBin,Republic of Korea,Asia,319657.2,Overwatch,First-Person Shooter
Grant,Espe,Moth,United States of America,North America,314548.25,Overwatch,First-Person Shooter
Matthew,DeLisi,super,United States of America,North America,312948.02,Overwatch,First-Person Shooter
Min Ki,Park,Viol2t,Republic of Korea,Asia,308901.19,Overwatch,First-Person Shooter
Jae Hee,Hong,Gesture,Republic of Korea,Asia,297730.97,Overwatch,First-Person Shooter
Joon Yeong,Park,Profit,Republic of Korea,Asia,297730.97,Overwatch,First-Person Shooter
Seung Tae,Choi,Bdosin,Republic of Korea,Asia,272689.65,Overwatch,First-Person Shooter
Joo Seok,Lee,Twilight,Republic of Korea,Asia,267391.59,Overwatch,First-Person Shooter
Jun Ho,Kim,Fury,Republic of Korea,Asia,222400.43,Overwatch,First-Person Shooter
Ji Hyuk,Kim,birdring,Republic of Korea,Asia,208453.84,Overwatch,First-Person Shooter
Won Sik,Jung,Closer,Republic of Korea,Asia,197480.74,Overwatch,First-Person Shooter
Jong Seok,Kim,NUS,Republic of Korea,Asia,188479.09,Overwatch,First-Person Shooter
Sung Jun,Kim,SLIME,Republic of Korea,Asia,186382.3,Overwatch,First-Person Shooter
Andreas,Karlsson,Nevix,Sweden,Europe,180755.36,Overwatch,First-Person Shooter
Jong Yeol,Park,Saebyeolbe,Republic of Korea,Asia,176385.68,Overwatch,First-Person Shooter
Dong Gyu,Kim,Mano,Republic of Korea,Asia,168959.28,Overwatch,First-Person Shooter
Hye Sung,Kim,Libero,Republic of Korea,Asia,167420.62,Overwatch,First-Person Shooter
Choong Hui,Lee,Stitch,Republic of Korea,Asia,164396.18,Overwatch,First-Person Shooter
Jay,Won,sinatraa,United States of America,North America,164363.81,Overwatch,First-Person Shooter
Sean,Henderson,ta1yo,Japan,Asia,164025.25,Overwatch,First-Person Shooter
Sung Hyeon,Bang,JJoNak,Republic of Korea,Asia,163336.4,Overwatch,First-Person Shooter
Seon Chang,Lee,ANS,Republic of Korea,Asia,159911.85,Overwatch,First-Person Shooter
Tae-seong,Jeong,ANAMO,Republic of Korea,Asia,159757.11,Overwatch,First-Person Shooter
Dong Eun,Lee,Hooreg,Republic of Korea,Asia,157907.63,Overwatch,First-Person Shooter
Min Ho,Park,Architect,Republic of Korea,Asia,157289.9,Overwatch,First-Person Shooter
Jin Mo,Yang,tobi,Republic of Korea,Asia,157268.25,Overwatch,First-Person Shooter
Hyeon Woo,Choi,JJANU,Republic of Korea,Asia,156207.98,Overwatch,First-Person Shooter
Hyo Jong,Kim,Haksal,Republic of Korea,Asia,151472.42,Overwatch,First-Person Shooter
Tae Hong,Kim,Mek0,Republic of Korea,Asia,149547.3,Overwatch,First-Person Shooter
Do Hyun,Kim,pine,Republic of Korea,Asia,138012.28,Overwatch,First-Person Shooter
Min-hyuk,Choi,Michelle,Republic of Korea,Asia,131615.34,Overwatch,First-Person Shooter
Sang Beom,Park,BUMPER,Republic of Korea,Asia,128681.89,Overwatch,First-Person Shooter
Yeon Joon,Hong,ArK,Republic of Korea,Asia,113666.44,Overwatch,First-Person Shooter
Min Seo,Hwang,Marve1,Republic of Korea,Asia,111871.29,Overwatch,First-Person Shooter
Jun Woo,Kang,Void,Republic of Korea,Asia,110435.01,Overwatch,First-Person Shooter
Jae Min,Park,ILLICIT,Republic of Korea,Asia,108240.14,Overwatch,First-Person Shooter
Min Soo,Seo,SeoMinSoo,Republic of Korea,Asia,107535.84,Overwatch,First-Person Shooter
Dong Eon,Kim,Fits,Republic of Korea,Asia,104737.26,Overwatch,First-Person Shooter
Jun Geun,Kim,Rapel,Republic of Korea,Asia,104074.27,Overwatch,First-Person Shooter
Isaac,Charles,Boombox,United Kingdom of Great Britain & Northern Ireland,Europe,98285.03,Overwatch,First-Person Shooter
Daniel,Hathaway,FunnyAstro,United Kingdom of Great Britain & Northern Ireland,Europe,96906.13,Overwatch,First-Person Shooter
Min Seong,Bae,diem,Republic of Korea,Asia,94244.74,Overwatch,First-Person Shooter
Yeon Kwan,Jeong,Nenne,Republic of Korea,Asia,91413.27,Overwatch,First-Person Shooter
Jae Hyeok,Lee,Carpe,Republic of Korea,Asia,91158.55,Overwatch,First-Person Shooter
Young Wan,Kim,Creative,Republic of Korea,Asia,90485.05,Overwatch,First-Person Shooter
Gael,Gouzerch,Poko,France,Europe,90439.44,Overwatch,First-Person Shooter
Terence,Tarlier,SoOn,France,Europe,90428.77,Overwatch,First-Person Shooter
Jang Hyeon,Hwang,TiZi,Republic of Korea,Asia,88443.76,Overwatch,First-Person Shooter
Joong Hwa,Song,janus,Republic of Korea,Asia,86293.32,Overwatch,First-Person Shooter
Byeong Seon,Kim,Fleta,Republic of Korea,Asia,86277.6,Overwatch,First-Person Shooter
Je Hong,Ryu,Ryujehong,Republic of Korea,Asia,85804.45,Overwatch,First-Person Shooter
Weida,Lu,Diya,China,Asia,83845.32,Overwatch,First-Person Shooter
Josh,Corona,Eqo,Israel,Asia,83532.82,Overwatch,First-Person Shooter
Yeon Oh,Hwang,Fl0w3R,Republic of Korea,Asia,83235.77,Overwatch,First-Person Shooter
Lane,Roberts,Surefour,Canada,North America,82724.04,Overwatch,First-Person Shooter
Min Chul,Kim,Izayaki,Republic of Korea,Asia,82630.1,Overwatch,First-Person Shooter
Su Min,Kim,SADO,Republic of Korea,Asia,82032.82,Overwatch,First-Person Shooter
Simon,Ekström,snillo,Sweden,Europe,81812.25,Overwatch,First-Person Shooter
Seong Hyeon,Yang,Luffy,Republic of Korea,Asia,81363.59,Overwatch,First-Person Shooter
Min Seok,Kwon,AimGod,Republic of Korea,Asia,78260.01,Overwatch,First-Person Shooter
Chang Hoon,Gye,r0ar,Republic of Korea,Asia,78144.21,Overwatch,First-Person Shooter
Gui Un,Jang,Decay,Republic of Korea,Asia,77756.89,Overwatch,First-Person Shooter
Jonas,Suovaara,Shaz,Finland,Europe,77723.5,Overwatch,First-Person Shooter
Benjamin,Isohanni,BigG00se,Finland,Europe,77014.11,Overwatch,First-Person Shooter
Seung Joon,Lee,Whoru,Republic of Korea,Asia,75756.09,Overwatch,First-Person Shooter
Jin Hyeok,Yang,DDing,Republic of Korea,Asia,74902.37,Overwatch,First-Person Shooter
Jae Gon,Lee,LeeJaeGon,Republic of Korea,Asia,74175.89,Overwatch,First-Person Shooter
Kyung Ho,Kim,Alarm,Republic of Korea,Asia,73478.37,Overwatch,First-Person Shooter
Joon Hyuk,Kim,zunba,Republic of Korea,Asia,72886.36,Overwatch,First-Person Shooter
Se Yeon,Kim,Geguri,Republic of Korea,Asia,70298.68,Overwatch,First-Person Shooter
Joona,Laine,fragi,Finland,Europe,70255.34,Overwatch,First-Person Shooter
Blake,Scott,Gator,United States of America,North America,69918.09,Overwatch,First-Person Shooter
Hong Joon,Choi,HOTBA,Republic of Korea,Asia,68984.11,Overwatch,First-Person Shooter
Alberto,Gonzales Molinillo,neptuNo,Spain,Europe,67619.01,Overwatch,First-Person Shooter
Da Un,Jeong,NoSmite,Republic of Korea,Asia,67246.48,Overwatch,First-Person Shooter
Seb,Barton,numlocked,United Kingdom of Great Britain & Northern Ireland,Europe,66306.23,Overwatch,First-Person Shooter
Joon,Jeong,Erster,Republic of Korea,Asia,66165.46,Overwatch,First-Person Shooter
Hee Su,Jeong,Heesu,Republic of Korea,Asia,64783.08,Overwatch,First-Person Shooter
George,Gushcha,ShaDowBurn,Russia,Europe,63953.84,Overwatch,First-Person Shooter
Brady,Girardi,Agilities,Canada,North America,62069.85,Overwatch,First-Person Shooter
Ho Jin,Park,IDK,Republic of Korea,Asia,61950.86,Overwatch,First-Person Shooter
João Pedro,Telles,Hydration,Brazil,South America,61460.24,Overwatch,First-Person Shooter
Ji Won,Seo,Stand1,Republic of Korea,Asia,61459.02,Overwatch,First-Person Shooter
Timo,Kettunen,Taimou,Finland,Europe,61027.02,Overwatch,First-Person Shooter
Xu,Qiulin,guxue,China,Asia,59154.54,Overwatch,First-Person Shooter
Jonathan,Rua,HarryHook,Spain,Europe,58718.69,Overwatch,First-Person Shooter
Sebastian,Widlund,chipshajen,Sweden,Europe,56549.85,Overwatch,First-Person Shooter
Joe,Gramano,Joemeister,Canada,North America,55676.28,Overwatch,First-Person Shooter
Pan Seung,Koo,FaTe,Republic of Korea,Asia,55538.23,Overwatch,First-Person Shooter
Indy,Halpern,SPACE,United States of America,North America,55453.17,Overwatch,First-Person Shooter
Dylan,Bignet,aKm,France,Europe,54391.23,Overwatch,First-Person Shooter
Benjamin,Chevasson,unKOE,France,Europe,54391.23,Overwatch,First-Person Shooter
Hyeon Woo,Jo,HagoPeun,Republic of Korea,Asia,54290.66,Overwatch,First-Person Shooter
Eui Seok,Lee,Fearless,Republic of Korea,Asia,54215.94,Overwatch,First-Person Shooter
Byung Ho,Lee,Panker,Republic of Korea,Asia,54037.27,Overwatch,First-Person Shooter
Scott,Kennedy,Custa,Australia,Oceania,53759.68,Overwatch,First-Person Shooter
Kyeon Bo,Kim,GodsB,Republic of Korea,Asia,53293.7,Overwatch,First-Person Shooter
Joona,Sotala,Serral,Finland,Europe,893336.55,Starcraft II,Strategy
Sung Choo,Cho,Maru,Republic of Korea,Asia,886795.83,Starcraft II,Strategy
Byung Ryul,Lee,Rogue,Republic of Korea,Asia,883148.24,Starcraft II,Strategy
Ryung Woo,Park,Dark,Republic of Korea,Asia,794627.39,Starcraft II,Strategy
Shin Hyung,Lee,INnoVation,Republic of Korea,Asia,762437,Starcraft II,Strategy
Tae Yang,Jun,TY,Republic of Korea,Asia,673162.61,Starcraft II,Strategy
Dae Yeob,Kim,Stats,Republic of Korea,Asia,631829.71,Starcraft II,Strategy
Yoo Jin,Kim,sOs,Republic of Korea,Asia,628026.1,Starcraft II,Strategy
Yoon Su,Eu,soO,Republic of Korea,Asia,616412.36,Starcraft II,Strategy
Sung Wook,Joo,Zest,Republic of Korea,Asia,558114.07,Starcraft II,Strategy
Alex,Sunderhaft,Neeb,United States of America,North America,523847.63,Starcraft II,Strategy
Min Chul,Jang,MC,Republic of Korea,Asia,509771.79,Starcraft II,Strategy
Doh Woo,Kim,Classic,Republic of Korea,Asia,479324.03,Starcraft II,Strategy
Seung Hyun,Lee,Life,Republic of Korea,Asia,475900.67,Starcraft II,Strategy
Sung Hoon,Choi,Polt,Republic of Korea,Asia,451943.24,Starcraft II,Strategy
Lee Sak,Won,PartinG,Republic of Korea,Asia,427239.54,Starcraft II,Strategy
Hyun Woo,Byun,Byun,Republic of Korea,Asia,415145.07,Starcraft II,Strategy
Sung Won,Moon,MMA,Republic of Korea,Asia,407169.17,Starcraft II,Strategy
Jong Hyun,Jung,Mvp,Republic of Korea,Asia,404994.83,Starcraft II,Strategy
Sasha,Hostyn,Scarlett,Canada,North America,388919.99,Starcraft II,Strategy
Juan Carlos,Lopez,SpeCial,Mexico,North America,377144.16,Starcraft II,Strategy
Jens,Aasgaard,Snute,Norway,Europe,372788.71,Starcraft II,Strategy
Artur,Bloch,Nerchio,Poland,Europe,371725.19,Starcraft II,Strategy
Min Soo,Kang,Solar,Republic of Korea,Asia,363307.59,Starcraft II,Strategy
Joon Ho,Kim,herO,Republic of Korea,Asia,341093.28,Starcraft II,Strategy
Ilyes,Satouri,Stephano,France,Europe,304291.61,Starcraft II,Strategy
Young Suh,Yoon,TaeJa,Republic of Korea,Asia,303679.63,Starcraft II,Strategy
Riccardo,Romiti,Reynor,Italy,Europe,298622.85,Starcraft II,Strategy
Soo Ho,Park,DongRaeGu,Republic of Korea,Asia,289675.08,Starcraft II,Strategy
Dong Nyung,Lee,Leenock,Republic of Korea,Asia,288257.14,Starcraft II,Strategy
Jae Duk,Lim,NesTea,Republic of Korea,Asia,288225.07,Starcraft II,Strategy
Tobias,Sieber,ShoWTimE,Germany,Europe,282135.93,Starcraft II,Strategy
Sung Ho,Cho,Trap,Republic of Korea,Asia,280334.78,Starcraft II,Strategy
Ji Sung,Choi,Bomber,Republic of Korea,Asia,265914.84,Starcraft II,Strategy
Mikołaj,Ogonowski,Elazer,Poland,Europe,264095.3,Starcraft II,Strategy
Hyeon Deok,Song,HerO,Republic of Korea,Asia,261892.87,Starcraft II,Strategy
Dong Jun,Baek,Dear,Republic of Korea,Asia,243027.72,Starcraft II,Strategy
Yoon Jong,Jung,Rain,Republic of Korea,Asia,236690.51,Starcraft II,Strategy
Seok Hyun,Ko,HyuN,Republic of Korea,Asia,233783.91,Starcraft II,Strategy
Byung Jae,Koh,GuMiho,Republic of Korea,Asia,227008.15,Starcraft II,Strategy
Jae Dong,Lee,Jaedong,Republic of Korea,Asia,224833.53,Starcraft II,Strategy
Grzegorz,Komincz,MaNa,Poland,Europe,218911.98,Starcraft II,Strategy
Jung Hoon,Lee,MarineKing,Republic of Korea,Asia,212397.14,Starcraft II,Strategy
Lee Seok,Han,aLive,Republic of Korea,Asia,204079.55,Starcraft II,Strategy
Tae Su,Bang,TRUE,Republic of Korea,Asia,189776.99,Starcraft II,Strategy
Peinan,Li,TIME,China,Asia,184811.62,Starcraft II,Strategy
Dong Hwan,Kim,viOLet,Republic of Korea,Asia,183568.96,Starcraft II,Strategy
Johan,Lucchesi,NaNiwa,Sweden,Europe,177659.71,Starcraft II,Strategy
Zhou,Hang,iAsonu,China,Asia,172891.85,Starcraft II,Strategy
Gabriel,Segat,HeRoMaRinE,Germany,Europe,167442.47,Starcraft II,Strategy
Diego,Schwimer,Kelazhur,Brazil,South America,158091.74,Starcraft II,Strategy
Ji Hyun,Jo,Patience,Republic of Korea,Asia,155836.32,Starcraft II,Strategy
Min Chul,Kim,Soulkey,Republic of Korea,Asia,153116.49,Starcraft II,Strategy
Marc,Schlappi,uThermal,Netherlands,Europe,150578.81,Starcraft II,Strategy
Doh Wook,Kim,Cure,Republic of Korea,Asia,149003.23,Starcraft II,Strategy
Chris,Loranger,HuK,Canada,North America,148758.87,Starcraft II,Strategy
Yu Feng,Ke,Has,Taiwan,Asia,148558.05,Starcraft II,Strategy
Dong Won,Shin,Hydra,Republic of Korea,Asia,147459.89,Starcraft II,Strategy
Ji Soo,Park,fOrGG,Republic of Korea,Asia,147378.95,Starcraft II,Strategy
Ho Joon,Lee,PuMa,Republic of Korea,Asia,143862.24,Starcraft II,Strategy
Hui Ming,Huang,TooDming,China,Asia,142369.56,Starcraft II,Strategy
Hyun Woo,Jang,Creator,Republic of Korea,Asia,141938.84,Starcraft II,Strategy
Chia Cheng,Yang,Sen,Taiwan,Asia,141662.54,Starcraft II,Strategy
Lei,Wang,XiGua,China,Asia,134300.51,Starcraft II,Strategy
Hoon Jung,Ji,Jjakji,Republic of Korea,Asia,133917.25,Starcraft II,Strategy
Maru,Kim,MaSa,Canada,North America,132306.1,Starcraft II,Strategy
Théo,Freydière,PtitDrogo,France,Europe,130550.93,Starcraft II,Strategy
Aleksandr,Svusuyk,Bly,Ukraine,Europe,127688.41,Starcraft II,Strategy
Jin,Hui Cao,Jim,China,Asia,125173.05,Starcraft II,Strategy
Dario,Wünsch,TLO,Germany,Europe,115102.67,Starcraft II,Strategy
Ji Won,Han,ByuL,Republic of Korea,Asia,114416.73,Starcraft II,Strategy
Kang Ho,Hwang,LosirA,Republic of Korea,Asia,114305.31,Starcraft II,Strategy
Seok Hee,Son,StarDust,Republic of Korea,Asia,111579.95,Starcraft II,Strategy
Xiang,Hu,MacSed,China,Asia,111540.17,Starcraft II,Strategy
Kevin,de Koning,Harstem,Netherlands,Europe,109736.18,Starcraft II,Strategy
Cho-Won,Kang,san,Republic of Korea,Asia,109440.09,Starcraft II,Strategy
Dong Won,Kim,Ryung,Republic of Korea,Asia,108009.18,Starcraft II,Strategy
Joong Hyuk,Cho,Dream,Republic of Korea,Asia,103798.04,Starcraft II,Strategy
Won Ki,Kim,FruitDealer,Republic of Korea,Asia,102860.5,Starcraft II,Strategy
Marcus,Eklöf,ThorZaIN,Sweden,Europe,102682.9,Starcraft II,Strategy
Juan,Moreno Durán,VortiX,Spain,Europe,100271.58,Starcraft II,Strategy
Joon Hyuk,Kim,Impact,Republic of Korea,Asia,97741.11,Starcraft II,Strategy
Julian,Brosig,Lambo,Germany,Europe,96604.3,Starcraft II,Strategy
Ki Woong,Nam,Hurricane,Republic of Korea,Asia,96034.27,Starcraft II,Strategy
Joon Sik,Yang,Alicia,Republic of Korea,Asia,94907.1,Starcraft II,Strategy
Dong Hyun,Kang,Symbol,Republic of Korea,Asia,94856.43,Starcraft II,Strategy
Hee Bum,Shin,RagnaroK,Republic of Korea,Asia,93903.11,Starcraft II,Strategy
Kyo Seok,Hwang,KeeN,Republic of Korea,Asia,93866.46,Starcraft II,Strategy
Min Soo,Jung,Genius,Republic of Korea,Asia,93775.14,Starcraft II,Strategy
Hyun Woo,Park,Squirtle,Republic of Korea,Asia,92282.22,Starcraft II,Strategy
David,Moschetto,Lilbow,France,Europe,91850.98,Starcraft II,Strategy
Huang,Min,Cyan,China,Asia,90452.98,Starcraft II,Strategy
Young Ho,Lee,Flash,Republic of Korea,Asia,90152.64,Starcraft II,Strategy
Hyun Woo,Kang,First,Republic of Korea,Asia,89725.4,Starcraft II,Strategy
Alexis,Eusebio,MarineLorD,France,Europe,86634.27,Starcraft II,Strategy
Dennis,Schneider,HasuObs,Germany,Europe,84794.99,Starcraft II,Strategy
Patrick,Brix,Bunny,Denmark,Europe,84195.98,Starcraft II,Strategy
Byung Hyun,Choi,YoDa,Republic of Korea,Asia,84119.07,Starcraft II,Strategy
Rickard,Bergman,SortOf,Sweden,Europe,83622.52,Starcraft II,Strategy
Yao,Xiang,XY,China,Asia,81795.94,Starcraft II,Strategy
Won Ho,Jeong,KyoCha,Republic of Korea,Asia,464560.82,Heroes of the Storm,Multiplayer Online Battle Arena
Jung Hyeog,Lee,sake,Republic of Korea,Asia,462790.78,Heroes of the Storm,Multiplayer Online Battle Arena
Jae Won,Lee,Rich,Republic of Korea,Asia,427923.28,Heroes of the Storm,Multiplayer Online Battle Arena
Jin Woo,Im,Reset,Republic of Korea,Asia,360093.52,Heroes of the Storm,Multiplayer Online Battle Arena
Woon Sung,Kang,Ttsst,Republic of Korea,Asia,353715.98,Heroes of the Storm,Multiplayer Online Battle Arena
Jonathan,Gunnarsson,Wubby,Sweden,Europe,264826.14,Heroes of the Storm,Multiplayer Online Battle Arena
Seung Chul,Kim,sCsC,Republic of Korea,Asia,239311.62,Heroes of the Storm,Multiplayer Online Battle Arena
Joshua,Bennett,Snitch,United Kingdom of Great Britain & Northern Ireland,Europe,238798.57,Heroes of the Storm,Multiplayer Online Battle Arena
Jérome,Trinh,JayPL,France,Europe,229170.87,Heroes of the Storm,Multiplayer Online Battle Arena
Ji Hoon,Yoon,Sign,Republic of Korea,Asia,211104.46,Heroes of the Storm,Multiplayer Online Battle Arena
Jeong Ha,Lee,Jeongha,Republic of Korea,Asia,200447.42,Heroes of the Storm,Multiplayer Online Battle Arena
Simon,Svensson,Schwimpi,Sweden,Europe,191647.23,Heroes of the Storm,Multiplayer Online Battle Arena
Pontus,Sjogren,Breez,Sweden,Europe,187978.31,Heroes of the Storm,Multiplayer Online Battle Arena
Tae Jun,Lee,merryday,Republic of Korea,Asia,184790.78,Heroes of the Storm,Multiplayer Online Battle Arena
Filip,Liljeström,Smexystyle,Sweden,Europe,184411.26,Heroes of the Storm,Multiplayer Online Battle Arena
Dob,Engström,QuackNiix,Sweden,Europe,180964.31,Heroes of the Storm,Multiplayer Online Battle Arena
Do Joon,Chae,Noblesse,Republic of Korea,Asia,164811.62,Heroes of the Storm,Multiplayer Online Battle Arena
Jae Hun,Jin,Lockdown,Republic of Korea,Asia,156959.11,Heroes of the Storm,Multiplayer Online Battle Arena
Seung Won,Kim,Swoy,Republic of Korea,Asia,151828.25,Heroes of the Storm,Multiplayer Online Battle Arena
Fan,Yang,Fan,United States of America,North America,149291.76,Heroes of the Storm,Multiplayer Online Battle Arena
Kenn Øster,Rasmussen,Zaelia,Denmark,Europe,147500,Heroes of the Storm,Multiplayer Online Battle Arena
Jin Su,Park,NachoJin,Republic of Korea,Asia,146932.17,Heroes of the Storm,Multiplayer Online Battle Arena
Thomas,Cailleux,Ménè,France,Europe,145068.51,Heroes of the Storm,Multiplayer Online Battle Arena
John Paul,Lopez,KingCaffeine,United States of America,North America,138297.16,Heroes of the Storm,Multiplayer Online Battle Arena
Keiwan,Itakura,k1,United States of America,North America,138237.16,Heroes of the Storm,Multiplayer Online Battle Arena
James,Baker,Bakery,United Kingdom of Great Britain & Northern Ireland,Europe,134818.57,Heroes of the Storm,Multiplayer Online Battle Arena
Tae Hoon,Kwon,Sniper,Republic of Korea,Asia,128659.74,Heroes of the Storm,Multiplayer Online Battle Arena
Yeong Hwan,Jing,Hide,Republic of Korea,Asia,123398.02,Heroes of the Storm,Multiplayer Online Battle Arena
Lunhan,Kang,XingC,China,Asia,122420.01,Heroes of the Storm,Multiplayer Online Battle Arena
Lawrence,Harper,Atheroangel,United Kingdom of Great Britain & Northern Ireland,Europe,120263.57,Heroes of the Storm,Multiplayer Online Battle Arena
Vilhem,Flennmark,POILK,Sweden,Europe,114751.8,Heroes of the Storm,Multiplayer Online Battle Arena
Hanfei,Chen,Tiger,China,Asia,114207.06,Heroes of the Storm,Multiplayer Online Battle Arena
Kun,Fang,iDream,China,Asia,112337.16,Heroes of the Storm,Multiplayer Online Battle Arena
Zhihao,Wu,Tumi,China,Asia,112170.41,Heroes of the Storm,Multiplayer Online Battle Arena
Dennis,Schneider,HasuObs,Germany,Europe,110050.76,Heroes of the Storm,Multiplayer Online Battle Arena
Ju Dam,Park,dami,Republic of Korea,Asia,109714.8,Heroes of the Storm,Multiplayer Online Battle Arena
Lyubomir,Kozlovski,Splendour,Bulgaria,Europe,106462.18,Heroes of the Storm,Multiplayer Online Battle Arena
Xiangzhi,Zheng,melodyC,China,Asia,106288.65,Heroes of the Storm,Multiplayer Online Battle Arena
Ben,Bunk,Cattlepillar,Germany,Europe,105541.2,Heroes of the Storm,Multiplayer Online Battle Arena
Adrian,Wójcik,adrd,Poland,Europe,103282.92,Heroes of the Storm,Multiplayer Online Battle Arena
Nils,Gebhardt,Nurok,Germany,Europe,102971.54,Heroes of the Storm,Multiplayer Online Battle Arena
Mike,Fisk,Glaurung,United States of America,North America,97856.2,Heroes of the Storm,Multiplayer Online Battle Arena
Tuo,Li,NccCc,China,Asia,97833.37,Heroes of the Storm,Multiplayer Online Battle Arena
Chris,Buechter,Zuna,United States of America,North America,94813.8,Heroes of the Storm,Multiplayer Online Battle Arena
Alexander,Milanov,ethernal,Bulgaria,Europe,93149.29,Heroes of the Storm,Multiplayer Online Battle Arena
Ki Soo,Han,CrazymoviNG,Republic of Korea,Asia,93131.84,Heroes of the Storm,Multiplayer Online Battle Arena
Jun,Jang,Jun,Republic of Korea,Asia,92591.2,Heroes of the Storm,Multiplayer Online Battle Arena
Jong Hoon,Park,Hooligan,Republic of Korea,Asia,92397.81,Heroes of the Storm,Multiplayer Online Battle Arena
Lizhong,Zhou,Misaka,China,Asia,90136.72,Heroes of the Storm,Multiplayer Online Battle Arena
Manny,Medina,Fury,United States of America,North America,89529.34,Heroes of the Storm,Multiplayer Online Battle Arena
Dae Hyung,Lee,Hongcono,Republic of Korea,Asia,89214.8,Heroes of the Storm,Multiplayer Online Battle Arena
Li Wei,Sun,xiaOt,China,Asia,88040.91,Heroes of the Storm,Multiplayer Online Battle Arena
Guo,Jiayi,Gemini,China,Asia,87834.52,Heroes of the Storm,Multiplayer Online Battle Arena
Hao,Pu,m,China,Asia,86588.9,Heroes of the Storm,Multiplayer Online Battle Arena
Jae Hyun,Park,JaeHyun,Republic of Korea,Asia,85836.53,Heroes of the Storm,Multiplayer Online Battle Arena
Simon,Tabin,Darkmok,Germany,Europe,85535.96,Heroes of the Storm,Multiplayer Online Battle Arena
Hyun Tae,Kim,SDE,Republic of Korea,Asia,84500,Heroes of the Storm,Multiplayer Online Battle Arena
Alexander,Grumstrup,AlexTheProG,Denmark,Europe,83962.45,Heroes of the Storm,Multiplayer Online Battle Arena
Harrison,Chang,psalm,United States of America,North America,80661.2,Heroes of the Storm,Multiplayer Online Battle Arena
Jin Hwan,Kim,Magi,Republic of Korea,Asia,79790.68,Heroes of the Storm,Multiplayer Online Battle Arena
Ricardo,Marques,DunkTrain,United States of America,North America,77997.16,Heroes of the Storm,Multiplayer Online Battle Arena
Benjamin,Eekenulv,BadBenny,Sweden,Europe,76798.88,Heroes of the Storm,Multiplayer Online Battle Arena
Matic,Mikec,Zarmony,Slovenia,Europe,75978.57,Heroes of the Storm,Multiplayer Online Battle Arena
Jing,Gu,Aloof,China,Asia,75648.35,Heroes of the Storm,Multiplayer Online Battle Arena
Jize,Song,sk,China,Asia,75380.4,Heroes of the Storm,Multiplayer Online Battle Arena
Stafford,Mcintyre,McIntyre,United States of America,North America,73817.6,Heroes of the Storm,Multiplayer Online Battle Arena
Taylor,Eder,Arthelon,United States of America,North America,73072.6,Heroes of the Storm,Multiplayer Online Battle Arena
Ivan,Koturić,Sportbilly,Croatia,Europe,72193.01,Heroes of the Storm,Multiplayer Online Battle Arena
Sung Hyun,Moon,Good,Republic of Korea,Asia,70434.23,Heroes of the Storm,Multiplayer Online Battle Arena
Dominic,Asal,Nic,Germany,Europe,69829.77,Heroes of the Storm,Multiplayer Online Battle Arena
Jing,Chen,Xuyu,China,Asia,69791.28,Heroes of the Storm,Multiplayer Online Battle Arena
Niklas,Skogheim,Cursen,Norway,Europe,67862.48,Heroes of the Storm,Multiplayer Online Battle Arena
Rori,Bryant-Raible,CauthonLuck,United States of America,North America,67720,Heroes of the Storm,Multiplayer Online Battle Arena
Sammuel,Hua,bigempct,United States of America,North America,66663.8,Heroes of the Storm,Multiplayer Online Battle Arena
Yu Yen,Su,GoDDog,Taiwan,Asia,65965.06,Heroes of the Storm,Multiplayer Online Battle Arena
Markus,Hanke,Blumbi,Germany,Europe,65525.96,Heroes of the Storm,Multiplayer Online Battle Arena
Christoph,Gowitzke,Cris,Germany,Europe,65516.28,Heroes of the Storm,Multiplayer Online Battle Arena
Stefen,Anderson,akaface,United States of America,North America,64763.4,Heroes of the Storm,Multiplayer Online Battle Arena
Michael,Udall,MichaelUdall,United States of America,North America,64763.4,Heroes of the Storm,Multiplayer Online Battle Arena
Chandler,Gavran,Buds,United States of America,North America,64742.6,Heroes of the Storm,Multiplayer Online Battle Arena
Justin,Gapp,Justing,United States of America,North America,64742.6,Heroes of the Storm,Multiplayer Online Battle Arena
Francisco,Avalos,Goku,Canada,North America,64112.6,Heroes of the Storm,Multiplayer Online Battle Arena
Khalif,Hashim,Khroen,United States of America,North America,63634.48,Heroes of the Storm,Multiplayer Online Battle Arena
Kyung Deok,Kim,duckdeok,Republic of Korea,Asia,63405.8,Heroes of the Storm,Multiplayer Online Battle Arena
Zhihao,Zhang,zZH,China,Asia,60952.31,Heroes of the Storm,Multiplayer Online Battle Arena
Kyle,Belaiche,Prismaticism,Canada,North America,60502.6,Heroes of the Storm,Multiplayer Online Battle Arena
Tianze,Chen,canjian,China,Asia,58569.42,Heroes of the Storm,Multiplayer Online Battle Arena
Tae Seok,Oh,taeseok,Republic of Korea,Asia,57792,Heroes of the Storm,Multiplayer Online Battle Arena
Liam,Simpson,Arcaner,Australia,Oceania,57228,Heroes of the Storm,Multiplayer Online Battle Arena
Qian,Li,Qx,China,Asia,57198.2,Heroes of the Storm,Multiplayer Online Battle Arena
Jerome,Tanguay,KilluZiioN,Canada,North America,56726.85,Heroes of the Storm,Multiplayer Online Battle Arena
Seong Min,Min,Darvish,Republic of Korea,Asia,55970.05,Heroes of the Storm,Multiplayer Online Battle Arena
Chun Yu,Wu,Alphaluna,Taiwan,Asia,53541,Heroes of the Storm,Multiplayer Online Battle Arena
Jiawei,Zhang,Kty,China,Asia,52978.13,Heroes of the Storm,Multiplayer Online Battle Arena
Thomas,Maguire,Tomster,United States of America,North America,51663.14,Heroes of the Storm,Multiplayer Online Battle Arena
Merek,Kangas,zugrug,Canada,North America,51636.85,Heroes of the Storm,Multiplayer Online Battle Arena
Josh,Choi,bkid,United States of America,North America,51453.4,Heroes of the Storm,Multiplayer Online Battle Arena
Jae Yeop,Jeong,Frankle,Republic of Korea,Asia,50572.68,Heroes of the Storm,Multiplayer Online Battle Arena
Gu,Junfeng,Wind,China,Asia,50549.34,Heroes of the Storm,Multiplayer Online Battle Arena
Martin,Rugh,Crozzby,Denmark,Europe,50545.96,Heroes of the Storm,Multiplayer Online Battle Arena
Jeong Yeong,Bak,Loki,Republic of Korea,Asia,703953.94,PUBG,Battle Royale
Jeong Wan,Go,ESTH3R,Republic of Korea,Asia,610486.16,PUBG,Battle Royale
Seung Hoon,Cha,Pio,Republic of Korea,Asia,591248.41,PUBG,Battle Royale
Tae Min,Kang,Taemin,Republic of Korea,Asia,585598.46,PUBG,Battle Royale
David,Tillberg,fuzzface,Sweden,Europe,344350.25,PUBG,Battle Royale
Anssi,Pekkonen,mxey,Finland,Europe,341362.75,PUBG,Battle Royale
Ivan,Kapustin,ubah,Russia,Europe,325558.75,PUBG,Battle Royale
Ludvik,Jahnsen,Aitzy,Norway,Europe,282450.25,PUBG,Battle Royale
Samu,Kauppinen,Sambty,Finland,Europe,242483.15,PUBG,Battle Royale
Jim,Eliassen,Jeemzz,Norway,Europe,230595.65,PUBG,Battle Royale
Jord,van Geldere,Ibiza,Netherlands,Europe,229095.65,PUBG,Battle Royale
Hao,Yao,lionkk,China,Asia,205477.15,PUBG,Battle Royale
Yan,Wang,silentBT_,China,Asia,181549.66,PUBG,Battle Royale
Jinhai,Zhang,xiaohaixxxx,China,Asia,179906.29,PUBG,Battle Royale
Zhen,Wei,GodV,China,Asia,164612.66,PUBG,Battle Royale
Liangguang,Liao,xiaorong,China,Asia,163976.97,PUBG,Battle Royale
Luke,Laing,Meluke,Canada,North America,159650.52,PUBG,Battle Royale
Jere,Kauppinen,Jembty,Finland,Europe,156140.25,PUBG,Battle Royale
In Jae,Kim,EscA,Republic of Korea,Asia,153763.01,PUBG,Battle Royale
Jang Hwan,Seong,seongjang,Republic of Korea,Asia,141342.32,PUBG,Battle Royale
Do-hoon,Seol,indigo,Republic of Korea,Asia,136120.04,PUBG,Battle Royale
Su Yong,Jeong,kAyle,Republic of Korea,Asia,135217.79,PUBG,Battle Royale
Alex,Gouge,vard,United Kingdom of Great Britain & Northern Ireland,Europe,134614.01,PUBG,Battle Royale
Justin,McNally,MiracU,Ireland,Europe,133114.01,PUBG,Battle Royale
Magno,Ramos,Pr0phie,Phillipines,Asia,131989.19,PUBG,Battle Royale
Logan,Heckman,Zanpah,United States of America,North America,130989.58,PUBG,Battle Royale
Mike,Gariti,Sharky,United States of America,North America,127694.75,PUBG,Battle Royale
Min Ki,Kim,Chelator,Republic of Korea,Asia,127042.27,PUBG,Battle Royale
Keiron,Prescott,Scoom,Gibraltar,Europe,126204.51,PUBG,Battle Royale
Young Hoon,Shim,Simsn,Republic of Korea,Asia,125722.18,PUBG,Battle Royale
Zheng,Wu,Forever,China,Asia,119560.82,PUBG,Battle Royale
Thierry,Kaltenback,Kaymind,Canada,North America,113573,PUBG,Battle Royale
Xin,Wang,ZGGO1,China,Asia,112482.56,PUBG,Battle Royale
Roman,Zinoviev,ADOUZ1E,Russia,Europe,106225,PUBG,Battle Royale
Daying,Wei,xxxLu,China,Asia,105935.34,PUBG,Battle Royale
Arsenii,Ivanychev,ceh9,Russia,Europe,104675,PUBG,Battle Royale
Vadim,Ulshin,POKAMOLODOY,Russia,Europe,104671.25,PUBG,Battle Royale
Jong Ho,Lee,Starlord,Republic of Korea,Asia,104576.9,PUBG,Battle Royale
Diondre,Bond,YaBoiDre,United States of America,North America,103739.58,PUBG,Battle Royale
-,-,Menteul,Republic of Korea,Asia,102114.43,PUBG,Battle Royale
Rak Gwon,Chung,Hulk,Republic of Korea,Asia,101243.57,PUBG,Battle Royale
Do-hyun,Kim,Daengchae,Republic of Korea,Asia,100930.84,PUBG,Battle Royale
Hwan,Jang,Hwan2da,Republic of Korea,Asia,98090.7,PUBG,Battle Royale
Laurynas,Rudys,Gaxy,Lithuania,Europe,94926.51,PUBG,Battle Royale
Ben,Wheeler,Nerf,United States of America,North America,93098,PUBG,Battle Royale
Chuan,Yu,Summer,China,Asia,86922.9,PUBG,Battle Royale
Timothy,Ebarb,Uncivil,United States of America,North America,86853.44,PUBG,Battle Royale
Ömer,Develi,Iroh,Turkey,Asia,85243.75,PUBG,Battle Royale
Hunter,Winn,hwinn,United States of America,North America,85032.94,PUBG,Battle Royale
Kurtis,Bond,Purdy,United States of America,North America,84148.44,PUBG,Battle Royale
Kevin,Linn,Miccoy,United States of America,North America,82233.44,PUBG,Battle Royale
Mehmood Amin,Askar,Moody,Canada,North America,81360.5,PUBG,Battle Royale
Aaron,Lommen,aLOW,United States of America,North America,81023.44,PUBG,Battle Royale
Luke,Newey,Luke12,Australia,Oceania,79049.82,PUBG,Battle Royale
Andrey,Ionov,Bestoloch,Russia,Europe,78800,PUBG,Battle Royale
Kang,Wang,shou,China,Asia,78178.8,PUBG,Battle Royale
Jiang Hua,Chen,shox,China,Asia,78178.8,PUBG,Battle Royale
Daniel,Hernandez,Sharpshothd,Cuba,North America,77092.86,PUBG,Battle Royale
-,-,BBABBO,Republic of Korea,Asia,75125.32,PUBG,Battle Royale
Jae Hyun,Han,SexyPIG,Republic of Korea,Asia,74885.91,PUBG,Battle Royale
Romain,Hermann,Shiv,France,Europe,74811.76,PUBG,Battle Royale
Damien,Valliant,Dahmien7,France,Europe,71349.2,PUBG,Battle Royale
Kyung Chul,Oh,style,Republic of Korea,Asia,70101.26,PUBG,Battle Royale
Bo Hyun,Kim,YaKK,Republic of Korea,Asia,67744.43,PUBG,Battle Royale
Qicheng,Chen,BoLiang,China,Asia,67742.92,PUBG,Battle Royale
Xin,Lin,L1nnnn,China,Asia,67742.92,PUBG,Battle Royale
Ruilong,Deng,LongSkr,China,Asia,67742.92,PUBG,Battle Royale
Do-gyeong,Kim,DoYa,Republic of Korea,Asia,67687.33,PUBG,Battle Royale
Gustav,Blønd,GustavQQ,Denmark,Europe,66517.5,PUBG,Battle Royale
Bohang,Li,JiaoYang,China,Asia,64373.86,PUBG,Battle Royale
-,-,Tide,China,Asia,64304.93,PUBG,Battle Royale
-,-,DG98,Republic of Korea,Asia,64255.11,PUBG,Battle Royale
Tristan,Nowicky,Shrimzy,United States of America,North America,63736.69,PUBG,Battle Royale
Yu-Ze,Sun,CPT,China,Asia,63636.03,PUBG,Battle Royale
Adrian,Blom,Haxete,Sweden,Europe,62654.51,PUBG,Battle Royale
-,-,DouM,China,Asia,62114.15,PUBG,Battle Royale
-,-,DJBOY,China,Asia,62114.15,PUBG,Battle Royale
Mathias,Larsen,Larsen,Denmark,Europe,61350,PUBG,Battle Royale
Hyun Woo,Yoon,yoonroot,Republic of Korea,Asia,59165.88,PUBG,Battle Royale
Hữu Đoàn,Nguyễn,Leviz,Vietnam,Asia,58725.83,PUBG,Battle Royale
-,-,LinShuNN,China,Asia,58710.01,PUBG,Battle Royale
Alexey,Trufanov,0nuqtive,Russia,Europe,58458.75,PUBG,Battle Royale
Xin-hao,Pan,BaoLeiNB,China,Asia,58381.6,PUBG,Battle Royale
Cedrik,Lessard,DrasseL,Canada,North America,58295.94,PUBG,Battle Royale
Pengcheng,Wang,jiaozhu,China,Asia,57157.65,PUBG,Battle Royale
Boyuan,Wang,Wang88,China,Asia,56537.65,PUBG,Battle Royale
Gil Do,Lee,Temeria,Republic of Korea,Asia,56496.7,PUBG,Battle Royale
-,-,Qmccc,China,Asia,55099.91,PUBG,Battle Royale
Jace,Patras,Voxsic,United States of America,North America,53388.44,PUBG,Battle Royale
Patrick,Kaplan,PAT KAPS,United States of America,North America,51048.44,PUBG,Battle Royale
-,-,Dongdong,China,Asia,50678.6,PUBG,Battle Royale
Seung Sun,Lee,shadow,Republic of Korea,Asia,50137.37,PUBG,Battle Royale
Magnus,Hartmann,udyRR,Germany,Europe,49761.3,PUBG,Battle Royale
René,Rehling,Braexco,Germany,Europe,49471.55,PUBG,Battle Royale
Michael,Wake,mykLe,United Kingdom of Great Britain & Northern Ireland,Europe,49287.5,PUBG,Battle Royale
-,-,067QAQ,China,Asia,48617.5,PUBG,Battle Royale
-,-,Makne,Republic of Korea,Asia,48503.23,PUBG,Battle Royale
Katanyu,Chinsorranan,DUCKMANZ,Thailand,Asia,47602.61,PUBG,Battle Royale
Sebastian,Berendt,BALLOC,Denmark,Europe,47090,PUBG,Battle Royale
Jake,Winant,Snakers,United States of America,North America,47078.32,PUBG,Battle Royale
Zhengzheng,Chen,Cat,China,Asia,465685.85,Arena of Valor,Multiplayer Online Battle Arena
Guixin,Guo,NuoYan,China,Asia,416162.04,Arena of Valor,Multiplayer Online Battle Arena
Tianlong,Wang,Alan,China,Asia,399019.18,Arena of Valor,Multiplayer Online Battle Arena
Siyuan,Luo,HuaHai,China,Asia,399019.18,Arena of Valor,Multiplayer Online Battle Arena
Cong,Zhang,Wuming,China,Asia,399019.18,Arena of Valor,Multiplayer Online Battle Arena
Xuân Bách,Trần,XB,Vietnam,Asia,152734.63,Arena of Valor,Multiplayer Online Battle Arena
Quang Hiệp,Trần,ProE,Vietnam,Asia,143598.03,Arena of Valor,Multiplayer Online Battle Arena
Sanpett,Marat,FirstOne,Thailand,Asia,135749.99,Arena of Valor,Multiplayer Online Battle Arena
Yunfei,Peng,Fly,China,Asia,133558.02,Arena of Valor,Multiplayer Online Battle Arena
Shengqqin,Xia,Hurt,China,Asia,133558.02,Arena of Valor,Multiplayer Online Battle Arena
Đức Chiến,Trần,ADC,Vietnam,Asia,133380.96,Arena of Valor,Multiplayer Online Battle Arena
Hồng Quân,Phạm,Gau,Vietnam,Asia,131670.38,Arena of Valor,Multiplayer Online Battle Arena
Sorawichaya,Mahavanakul,Isilindilz,Thailand,Asia,131425.77,Arena of Valor,Multiplayer Online Battle Arena
Chun Sheng,Chang,Neil,Taiwan,Asia,125644.94,Arena of Valor,Multiplayer Online Battle Arena
Tiến Đạt,Đinh,ĐạtKòiii,Vietnam,Asia,122860.21,Arena of Valor,Multiplayer Online Battle Arena
Vatcharanan,Thaworn,Summer,Thailand,Asia,122693.28,Arena of Valor,Multiplayer Online Battle Arena
Chang Hoon,Shin,JJak,Republic of Korea,Asia,122650.01,Arena of Valor,Multiplayer Online Battle Arena
-,-,Nutalomlok,Thailand,Asia,118657.27,Arena of Valor,Multiplayer Online Battle Arena
Ho Yeon,Lee,Rush,Republic of Korea,Asia,117894.7,Arena of Valor,Multiplayer Online Battle Arena
Chou,Chung,Yuzon,Taiwan,Asia,115644.94,Arena of Valor,Multiplayer Online Battle Arena
Ting Jui,Chen,Winds,Taiwan,Asia,113262.7,Arena of Valor,Multiplayer Online Battle Arena
Do Yeop,Kim,HAK,Republic of Korea,Asia,111710.36,Arena of Valor,Multiplayer Online Battle Arena
Sun Woo,Kim,Sun,Republic of Korea,Asia,111582.45,Arena of Valor,Multiplayer Online Battle Arena
Nsu Yu,Lin,Star,Taiwan,Asia,110644.94,Arena of Valor,Multiplayer Online Battle Arena
Chien Ting,Chen,Benny,Taiwan,Asia,110644.94,Arena of Valor,Multiplayer Online Battle Arena
-,-,Song,China,Asia,108311.67,Arena of Valor,Multiplayer Online Battle Arena
Chayut,Suebka,007x,Thailand,Asia,98723.19,Arena of Valor,Multiplayer Online Battle Arena
Parit,Pornrattanapitak,Difoxn,Thailand,Asia,90798.66,Arena of Valor,Multiplayer Online Battle Arena
-,-,770,China,Asia,89669.63,Arena of Valor,Multiplayer Online Battle Arena
Eikapong,Korhonen,Tony,Thailand,Asia,86881.37,Arena of Valor,Multiplayer Online Battle Arena
-,-,Snow,China,Asia,86666.67,Arena of Valor,Multiplayer Online Battle Arena
Siwa,Noomai,JOMWick,Thailand,Asia,74492.23,Arena of Valor,Multiplayer Online Battle Arena
Hyung Min,Kim,Chaser,Republic of Korea,Asia,71604.67,Arena of Valor,Multiplayer Online Battle Arena
-,-,YANG,China,Asia,66666.67,Arena of Valor,Multiplayer Online Battle Arena
-,-,行星,China,Asia,65922.73,Arena of Valor,Multiplayer Online Battle Arena
-,-,轻雨,China,Asia,65922.73,Arena of Valor,Multiplayer Online Battle Arena
-,-,久龙,China,Asia,65922.73,Arena of Valor,Multiplayer Online Battle Arena
-,-,北岛,China,Asia,65922.73,Arena of Valor,Multiplayer Online Battle Arena
-,-,暮色,China,Asia,65922.73,Arena of Valor,Multiplayer Online Battle Arena
-,-,久诚,China,Asia,65922.73,Arena of Valor,Multiplayer Online Battle Arena
-,-,月色,China,Asia,65922.73,Arena of Valor,Multiplayer Online Battle Arena
-,-,柠栀,China,Asia,65922.73,Arena of Valor,Multiplayer Online Battle Arena
-,-,最初,China,Asia,65922.73,Arena of Valor,Multiplayer Online Battle Arena
-,-,尘夏,China,Asia,65922.73,Arena of Valor,Multiplayer Online Battle Arena
-,-,阿可,China,Asia,65922.73,Arena of Valor,Multiplayer Online Battle Arena
Metasit,Leelapipatkul,Moowan,Thailand,Asia,61228.35,Arena of Valor,Multiplayer Online Battle Arena
Satittirat,Chetnarong,Overfly,Thailand,Asia,58200.95,Arena of Valor,Multiplayer Online Battle Arena
-,-,NingZhi,China,Asia,58160.23,Arena of Valor,Multiplayer Online Battle Arena
-,-,JiuLong,China,Asia,58160.23,Arena of Valor,Multiplayer Online Battle Arena
-,-,JiuC,China,Asia,58160.23,Arena of Valor,Multiplayer Online Battle Arena
-,-,ChenXia,China,Asia,58160.23,Arena of Valor,Multiplayer Online Battle Arena
-,-,ZuiChu,China,Asia,58160.23,Arena of Valor,Multiplayer Online Battle Arena
Sorachat,Janechaijitravanit,Getsrch,Thailand,Asia,57378.78,Arena of Valor,Multiplayer Online Battle Arena
-,-,BLUENOPING,Thailand,Asia,56270.18,Arena of Valor,Multiplayer Online Battle Arena
Kawee,Wachiraphas,MeMarkz,Thailand,Asia,55685.67,Arena of Valor,Multiplayer Online Battle Arena
Pakinai,Srivijarn,kSsA,Thailand,Asia,54159.21,Arena of Valor,Multiplayer Online Battle Arena
Sorawat,Boonphrom,Moss,Thailand,Asia,54156.23,Arena of Valor,Multiplayer Online Battle Arena
Piyapong,Proathaisong,Taoz,Thailand,Asia,52118.54,Arena of Valor,Multiplayer Online Battle Arena
Patara,Bhatarabhirom,Cherie,Thailand,Asia,51203.24,Arena of Valor,Multiplayer Online Battle Arena
Nutdanai,Rungruang,MrSunz,Thailand,Asia,47549.95,Arena of Valor,Multiplayer Online Battle Arena
-,-,Giao,China,Asia,46891.35,Arena of Valor,Multiplayer Online Battle Arena
-,-,Munez,Thailand,Asia,46641.1,Arena of Valor,Multiplayer Online Battle Arena
Pasu,Yensabai,Erez,Thailand,Asia,46258.63,Arena of Valor,Multiplayer Online Battle Arena
Methus,Meechom,Nt,Thailand,Asia,45995.54,Arena of Valor,Multiplayer Online Battle Arena
Sirichai,Sukpan,ReMix,Thailand,Asia,44916.44,Arena of Valor,Multiplayer Online Battle Arena
Pakkapon,Saethong,IpodPro,Thailand,Asia,44591.96,Arena of Valor,Multiplayer Online Battle Arena
-,-,Mojo,China,Asia,43264.58,Arena of Valor,Multiplayer Online Battle Arena
-,-,Chichi,Taiwan,Asia,42482.43,Arena of Valor,Multiplayer Online Battle Arena
-,-,Genji,Taiwan,Asia,42482.43,Arena of Valor,Multiplayer Online Battle Arena
-,-,Hanzo,Taiwan,Asia,42482.43,Arena of Valor,Multiplayer Online Battle Arena
-,-,Liang,Taiwan,Asia,42482.43,Arena of Valor,Multiplayer Online Battle Arena
-,-,Sirenia,Taiwan,Asia,42482.43,Arena of Valor,Multiplayer Online Battle Arena
Denchai,Eampaojeen,JameCo,Thailand,Asia,41144.36,Arena of Valor,Multiplayer Online Battle Arena
Aum,Chatchanapong,Happy,Thailand,Asia,40376.87,Arena of Valor,Multiplayer Online Battle Arena
Hsing Cheng,Lu,Heroes,Taiwan,Asia,38892.33,Arena of Valor,Multiplayer Online Battle Arena
-,-,六点六,China,Asia,36171.67,Arena of Valor,Multiplayer Online Battle Arena
-,-,小兽,China,Asia,36171.67,Arena of Valor,Multiplayer Online Battle Arena
-,-,小剑,China,Asia,36171.67,Arena of Valor,Multiplayer Online Battle Arena
-,-,居居,China,Asia,36171.67,Arena of Valor,Multiplayer Online Battle Arena
-,-,Core,Republic of Korea,Asia,35049.38,Arena of Valor,Multiplayer Online Battle Arena
-,-,PS Man,Vietnam,Asia,34811.67,Arena of Valor,Multiplayer Online Battle Arena
Matt,Stover,Mts,United States of America,North America,34190.6,Arena of Valor,Multiplayer Online Battle Arena
Chi Kang,Chuang,XiXi,Taiwan,Asia,33892.33,Arena of Valor,Multiplayer Online Battle Arena
Sung Lin,Hsieh,Wayn,Taiwan,Asia,33892.33,Arena of Valor,Multiplayer Online Battle Arena
-,-,Lulala,Taiwan,Asia,33333.33,Arena of Valor,Multiplayer Online Battle Arena
Hyo Jong,Kim,horror,Republic of Korea,Asia,31489.38,Arena of Valor,Multiplayer Online Battle Arena
-,-,JY,Republic of Korea,Asia,31489.38,Arena of Valor,Multiplayer Online Battle Arena
-,-,YK,Republic of Korea,Asia,29676,Arena of Valor,Multiplayer Online Battle Arena
-,-,Xuan,Malaysia,Asia,28860,Arena of Valor,Multiplayer Online Battle Arena
-,-,Sweet,Republic of Korea,Asia,28816,Arena of Valor,Multiplayer Online Battle Arena
Chanapol,Siri,Sky,Thailand,Asia,28083.35,Arena of Valor,Multiplayer Online Battle Arena
-,-,KOKO,China,Asia,27580.07,Arena of Valor,Multiplayer Online Battle Arena
Chattrakarn,Parichatkun,Erl2oR,Thailand,Asia,27074.4,Arena of Valor,Multiplayer Online Battle Arena
-,-,Chen,China,Asia,26695.5,Arena of Valor,Multiplayer Online Battle Arena
Yu-Yan,Su,GaDuo,Taiwan,Asia,26666.67,Arena of Valor,Multiplayer Online Battle Arena
Tseng-Yung,Chun,Kato,Taiwan,Asia,26666.67,Arena of Valor,Multiplayer Online Battle Arena
En Hao,Chen,Gua,Taiwan,Asia,26666.67,Arena of Valor,Multiplayer Online Battle Arena
-,-,Rain,Taiwan,Asia,26645,Arena of Valor,Multiplayer Online Battle Arena
Komklit,Wongsawat,O7T-V1,Thailand,Asia,25941.03,Arena of Valor,Multiplayer Online Battle Arena
-,-,139,China,Asia,24171.67,Arena of Valor,Multiplayer Online Battle Arena
Thijs,Molendijk,Thijs,Netherlands,Europe,491418.66,Hearthstone,Collectible Card Game
Wei Lin,Chen,tom60229,Taiwan,Asia,442877.87,Hearthstone,Collectible Card Game
Pavel,Beltiukov,Pavel,Russia,Europe,347798,Hearthstone,Collectible Card Game
Casper,Notto,Hunterace,Norway,Europe,341931.16,Hearthstone,Collectible Card Game
Jung Soo,Kim,Surrender,Republic of Korea,Asia,316781.57,Hearthstone,Collectible Card Game
Raphael,Peltzer,BunnyHoppor,Germany,Europe,312987.23,Hearthstone,Collectible Card Game
Bin,Zhou,Jasonzhou,China,Asia,296734.75,Hearthstone,Collectible Card Game
-,-,XHope,China,Asia,293345.18,Hearthstone,Collectible Card Game
Jon,Westberg,Orange,Sweden,Europe,291115.88,Hearthstone,Collectible Card Game
Frank,Zhang,fr0zen,United States of America,North America,284382.26,Hearthstone,Collectible Card Game
Brian,Eason,bloodyface,United States of America,North America,279875,Hearthstone,Collectible Card Game
Aleksandr,Malsh,Kolento,Ukraine,Europe,273654.46,Hearthstone,Collectible Card Game
James,Kostesich,Firebat,United States of America,North America,269053.1,Hearthstone,Collectible Card Game
Sato,Kenta,glory,Japan,Asia,238550,Hearthstone,Collectible Card Game
Xiao Meng,Li,Liooon,China,Asia,238010,Hearthstone,Collectible Card Game
David,Caero,Dog,United States of America,North America,229488.39,Hearthstone,Collectible Card Game
Torben,Wahl,Viper,Germany,Europe,227550,Hearthstone,Collectible Card Game
Ryan,Murphy-Root,Purple,Canada,North America,220418.33,Hearthstone,Collectible Card Game
Artem,Kravets',DrHippi,Ukraine,Europe,210416.67,Hearthstone,Collectible Card Game
Dima,Radu,Rdu,Romania,Europe,204049.56,Hearthstone,Collectible Card Game
Euneil,Javiñas,Staz,Phillipines,Asia,193860.89,Hearthstone,Collectible Card Game
Frederik Høj,Nielsen,Hoej,Denmark,Europe,171767.15,Hearthstone,Collectible Card Game
Vladislav,Sinotov,SilverName,Russia,Europe,170027.04,Hearthstone,Collectible Card Game
Muzahidul,I.,Muzzy,United States of America,North America,167590.47,Hearthstone,Collectible Card Game
Xieyu,Wang,Tiddler Celestial,China,Asia,165348.34,Hearthstone,Collectible Card Game
Jaromír,Vyskočil,Jarla,Czech Republic,Europe,162017.51,Hearthstone,Collectible Card Game
Sebastian,Bentert,Xixo,Germany,Europe,156103.11,Hearthstone,Collectible Card Game
Kaan,Çekli,Fujitora,Turkey,Asia,155778.27,Hearthstone,Collectible Card Game
Sebastian,Engwall,Ostkaka,Sweden,Europe,153199.92,Hearthstone,Collectible Card Game
David,Shan,JustSaiyan,United States of America,North America,153062.5,Hearthstone,Collectible Card Game
Eddie,Lui,Seohyun,Canada,North America,151117.2,Hearthstone,Collectible Card Game
Lin,Zheng,OmegaZero,China,Asia,139425.79,Hearthstone,Collectible Card Game
Adrian,Koy,Lifecoach,Germany,Europe,136530.19,Hearthstone,Collectible Card Game
Hyun Jae,Jang,Dawn,Republic of Korea,Asia,135189.54,Hearthstone,Collectible Card Game
Cheon Su,Kim,Che0nsu,Republic of Korea,Asia,133715,Hearthstone,Collectible Card Game
Guan,Zhendong,Jing,China,Asia,131560,Hearthstone,Collectible Card Game
-,-,Leaoh,China,Asia,125458.59,Hearthstone,Collectible Card Game
Bohan,Zhang,Lovelychook,China,Asia,122179.36,Hearthstone,Collectible Card Game
Kevin,Eberlein,Casie,Germany,Europe,121712.5,Hearthstone,Collectible Card Game
Théo,Dumont,Felkeine,France,Europe,121255.92,Hearthstone,Collectible Card Game
Eugene,Shumilin,Neirea,Ukraine,Europe,121248.17,Hearthstone,Collectible Card Game
Alexey,Barsukov,ShtanUdachi,Russia,Europe,117466.67,Hearthstone,Collectible Card Game
William,Barton,Amnesiac,United States of America,North America,114725,Hearthstone,Collectible Card Game
Jerome,Faucher,Monsanto,Canada,North America,110925,Hearthstone,Collectible Card Game
Paul,Nemeth,Zalae,United States of America,North America,110141.67,Hearthstone,Collectible Card Game
Cong,Shu,StrifeCro,United States of America,North America,106314.27,Hearthstone,Collectible Card Game
Mihai,Dragalin,languagehacker,Canada,North America,102887.5,Hearthstone,Collectible Card Game
Bo,Li,LiBo,China,Asia,100759.37,Hearthstone,Collectible Card Game
Julien,Perrault-Harvey,Cydonia,Canada,North America,97593.92,Hearthstone,Collectible Card Game
Il Mook,Kang,handsomeguy,Republic of Korea,Asia,97479,Hearthstone,Collectible Card Game
Shengyuan,Luo,Roger,Taiwan,Asia,96719.1,Hearthstone,Collectible Card Game
Chris,Tsakopoulos,Fenomeno,Greece,Europe,94073,Hearthstone,Collectible Card Game
Edwin,Cook,HotMEOWTH,United States of America,North America,91550,Hearthstone,Collectible Card Game
Juwei,Wu,XiaoT,China,Asia,89346.12,Hearthstone,Collectible Card Game
Tsu Lin,Tsao,SamuelTsao,Taiwan,Asia,89250,Hearthstone,Collectible Card Game
Kacper,Kwieciński,A83650,Poland,Europe,87636.14,Hearthstone,Collectible Card Game
Zong Chang,Wu,BloodTrail,Taiwan,Asia,86250,Hearthstone,Collectible Card Game
Wataru,Ishibashi,posesi,Japan,Asia,84196,Hearthstone,Collectible Card Game
Zakarya,Hail,xBlyzes,France,Europe,83373.91,Hearthstone,Collectible Card Game
Francisco,Leimontas,PNC,Argentina,South America,82409.24,Hearthstone,Collectible Card Game
Tsz Kin,Lo,kin0531,Hong Kong,Europe,81932,Hearthstone,Collectible Card Game
George,Webb,BoarControl,United Kingdom of Great Britain & Northern Ireland,Europe,80924.07,Hearthstone,Collectible Card Game
Keaton,Gill,Chakki,United States of America,North America,80338.22,Hearthstone,Collectible Card Game
Ole,Batyrbekov,Naiman,Kazakhstan,Asia,79671.53,Hearthstone,Collectible Card Game
Tyler,Hoang Nguyen,Tylerootd,Netherlands,Europe,78375,Hearthstone,Collectible Card Game
Jan,Janßen,SuperJJ,Germany,Europe,77943.68,Hearthstone,Collectible Card Game
-,-,DocPwn,Canada,North America,77433.33,Hearthstone,Collectible Card Game
Yashima,Nozomi,Alutemu,Japan,Asia,76675,Hearthstone,Collectible Card Game
Thomas,Zimmer,Sintolol,Germany,Europe,76346.78,Hearthstone,Collectible Card Game
Songyang,Zhao,Hamster,China,Asia,74382.47,Hearthstone,Collectible Card Game
David,Acosta,killinallday,United States of America,North America,73575,Hearthstone,Collectible Card Game
Jeffrey,Shih,Trump,United States of America,North America,72637.5,Hearthstone,Collectible Card Game
Facu,Pruzzo,Nalguidan,Argentina,South America,70750,Hearthstone,Collectible Card Game
Edward,Goodwin,Gallon213,United States of America,North America,70216,Hearthstone,Collectible Card Game
Chen,Yuxiang,Breath,China,Asia,69487.73,Hearthstone,Collectible Card Game
-,-,Yueying,China,Asia,68162.5,Hearthstone,Collectible Card Game
Jack,Bancroft,DeadDraw,United Kingdom of Great Britain & Northern Ireland,Europe,67950,Hearthstone,Collectible Card Game
Stanislav,Cifka,StanCifka,Czech Republic,Europe,67096.88,Hearthstone,Collectible Card Game
Baek,Hak Jun,Kranich,Republic of Korea,Asia,66835.51,Hearthstone,Collectible Card Game
Hyun Soo,Cho,Flurry,Republic of Korea,Asia,66730.8,Hearthstone,Collectible Card Game
Martin,Prête,Zhym,France,Europe,65702.33,Hearthstone,Collectible Card Game
Louis,Bremers,Mitsuhide,Netherlands,Europe,64140.31,Hearthstone,Collectible Card Game
Michael,Luker,Luker,Canada,North America,63000,Hearthstone,Collectible Card Game
Jason,Chan,Amaz,Hong Kong,Europe,62704.15,Hearthstone,Collectible Card Game
Jeffrey,Liu,Tarei,United States of America,North America,62454.4,Hearthstone,Collectible Card Game
Jan,Palys,Ek0p,Germany,Europe,60165.48,Hearthstone,Collectible Card Game
Xiao,Feng,Icefox,China,Asia,59309.9,Hearthstone,Collectible Card Game
Sang Hyeon,Baek,DDaHyoNi,Republic of Korea,Asia,58436,Hearthstone,Collectible Card Game
Dylan,Mullins,Hotform,Canada,North America,56250,Hearthstone,Collectible Card Game
Chun Pong,Ng,Yulsic,Hong Kong,Europe,54812,Hearthstone,Collectible Card Game
Li,Heyang,Sword,China,Asia,54320.72,Hearthstone,Collectible Card Game
Simon,Raunholst,Crane,Denmark,Europe,53526.12,Hearthstone,Collectible Card Game
Anthony,Trevino,Ant,United States of America,North America,52375,Hearthstone,Collectible Card Game
-,-,Trunks,China,Asia,51231.7,Hearthstone,Collectible Card Game
Petar,Stevanovic,Gaara,Germany,Europe,51059.59,Hearthstone,Collectible Card Game
Janne,Mikkonen,Savjz,Finland,Europe,50734.44,Hearthstone,Collectible Card Game
Drew,Biessener,Tidesoftime,United States of America,North America,50449.6,Hearthstone,Collectible Card Game
Simone,Liguori,Leta,Italy,Europe,49300,Hearthstone,Collectible Card Game
Mike,Eichner,Ike,United States of America,North America,48550,Hearthstone,Collectible Card Game
Jeffrey,Brusi,SjoW,Sweden,Europe,47973.61,Hearthstone,Collectible Card Game
