team_name,team_total_prize,number_of_tournaments,game,game_genre
San Francisco Shock,3105000,7,Overwatch,First-Person Shooter
London Spitfire,1591136.5,13,Overwatch,First-Person Shooter
New York Excelsior,1572618.5,18,Overwatch,First-Person Shooter
Philadelphia Fusion,1186278.5,15,Overwatch,First-Person Shooter
Seoul Dynasty,1130000,6,Overwatch,First-Person Shooter
Vancouver Titans,950000,4,Overwatch,First-Person Shooter
Shanghai Dragons,755000,5,Overwatch,First-Person Shooter
Los Angeles Gladiators,709605.19,13,Overwatch,First-Person Shooter
Atlanta Reign,596098,9,Overwatch,First-Person Shooter
Los Angeles Valiant,535000,6,Overwatch,First-Person Shooter
Team Envy,504391.4,32,Overwatch,First-Person Shooter
Hangzhou Spark,425000,3,Overwatch,First-Person Shooter
RunAway,420808.84,19,Overwatch,First-Person Shooter
Lunatic-hai,320633.66,10,Overwatch,First-Person Shooter
Boston Uprising,288606,7,Overwatch,First-Person Shooter
GC Busan,262117.51,10,Overwatch,First-Person Shooter
Washington Justice,250000,1,Overwatch,First-Person Shooter
Rogue,233623.47,22,Overwatch,First-Person Shooter
Team Gigantti,224542.69,13,Overwatch,First-Person Shooter
Florida Mayhem,212672.5,8,Overwatch,First-Person Shooter
Misfits,172484.12,16,Overwatch,First-Person Shooter
LGD Gaming,165687.71,14,Overwatch,First-Person Shooter
Osh-Tekk Warriors,161534,2,Overwatch,First-Person Shooter
Talon Esports,159952,7,Overwatch,First-Person Shooter
Flash Wolves,157081.66,3,Overwatch,First-Person Shooter
Miraculous Youngster,148594.21,7,Overwatch,First-Person Shooter
Team Kongdoo,145971.95,15,Overwatch,First-Person Shooter
Cloud9,133251.4,36,Overwatch,First-Person Shooter
Blank Esports,132105.66,7,Overwatch,First-Person Shooter
Houston Outlaws,126172,4,Overwatch,First-Person Shooter
NRG Esports,117266.62,10,Overwatch,First-Person Shooter
Hong Kong Attitude,116404,6,Overwatch,First-Person Shooter
Afreeca Freecs,105281.62,13,Overwatch,First-Person Shooter
LuxuryWatch,98604.83,13,Overwatch,First-Person Shooter
Immortals,98067.52,11,Overwatch,First-Person Shooter
Vici Gaming,98025.65,11,Overwatch,First-Person Shooter
Paris Eternal,91600,3,Overwatch,First-Person Shooter
Gen.G,90982,6,Overwatch,First-Person Shooter
Guangzhou Charge,86250,3,Overwatch,First-Person Shooter
ahq e-Sports Club,85500.04,7,Overwatch,First-Person Shooter
Team Skadis Gift,80797.99,10,Overwatch,First-Person Shooter
Dallas Fuel,80000,3,Overwatch,First-Person Shooter
American National Team,77000,6,Overwatch,First-Person Shooter
Chinese National Team,77000,6,Overwatch,First-Person Shooter
French National Team,77000,6,Overwatch,First-Person Shooter
Korean National Team,77000,6,Overwatch,First-Person Shooter
Canadian National Team,74500,6,Overwatch,First-Person Shooter
Bilibili Gaming,73521.2,5,Overwatch,First-Person Shooter
FaZe Clan,73300,13,Overwatch,First-Person Shooter
MVP,72944.42,15,Overwatch,First-Person Shooter
Australian National Team,72000,6,Overwatch,First-Person Shooter
Invictus Gaming,64745.2,11,Overwatch,First-Person Shooter
ORDER,64500,3,Overwatch,First-Person Shooter
Fnatic,63939.34,10,Overwatch,First-Person Shooter
Finnish National Team,63000,5,Overwatch,First-Person Shooter
Swedish National Team,58500,5,Overwatch,First-Person Shooter
British National Team,56500,5,Overwatch,First-Person Shooter
Toronto Defiant,54400,3,Overwatch,First-Person Shooter
Star Horn Royal Club,52328.1,3,Overwatch,First-Person Shooter
Nova eSports,50278,4,Overwatch,First-Person Shooter
Russian National Team,49500,4,Overwatch,First-Person Shooter
Lowkey Esports,47500,2,Overwatch,First-Person Shooter
German National Team,47000,4,Overwatch,First-Person Shooter
Spanish National Team,47000,4,Overwatch,First-Person Shooter
Taiwanese National Team,47000,4,Overwatch,First-Person Shooter
eUnited,45750,4,Overwatch,First-Person Shooter
NGA Club,45335.36,7,Overwatch,First-Person Shooter
REUNITED,44988.63,29,Overwatch,First-Person Shooter
Samsung,43472.95,5,Overwatch,First-Person Shooter
Luminosity Gaming,43213.18,16,Overwatch,First-Person Shooter
Brazilian National Team,42000,3,Overwatch,First-Person Shooter
Thai National Team,42000,3,Overwatch,First-Person Shooter
Team Liquid,36216,10,Overwatch,First-Person Shooter
DeToNator,35650,3,Overwatch,First-Person Shooter
Team Singularity,35491.54,19,Overwatch,First-Person Shooter
Ninjas in Pyjamas,35235.95,5,Overwatch,First-Person Shooter
compLexity Gaming,34000,8,Overwatch,First-Person Shooter
Danish National Team,34000,3,Overwatch,First-Person Shooter
Dutch National Team,34000,3,Overwatch,First-Person Shooter
Mindfreak,32400,2,Overwatch,First-Person Shooter
Winstrike Team,32064,2,Overwatch,First-Person Shooter
Singaporian National Team,32000,3,Overwatch,First-Person Shooter
Austrian National Team,29000,3,Overwatch,First-Person Shooter
Italian National Team,29000,3,Overwatch,First-Person Shooter
Japanese National Team,29000,3,Overwatch,First-Person Shooter
Norweigan National Team,29000,3,Overwatch,First-Person Shooter
Third Impact,28450,2,Overwatch,First-Person Shooter
World Elite,28231.78,4,Overwatch,First-Person Shooter
Snake Esports,27410.98,9,Overwatch,First-Person Shooter
Isurus Gaming,27295.01,6,Overwatch,First-Person Shooter
GamersOrigin,26900.75,18,Overwatch,First-Person Shooter
Copenhagen Flames,25599.5,4,Overwatch,First-Person Shooter
Team Celestial,25187.04,5,Overwatch,First-Person Shooter
Polish National Team,24000,2,Overwatch,First-Person Shooter
Newbee,21590.82,8,Overwatch,First-Person Shooter
OMG,20768.17,4,Overwatch,First-Person Shooter
Legacy eSports,20612,5,Overwatch,First-Person Shooter
Triumph,20200,1,Overwatch,First-Person Shooter
Ghost Gaming,20000,1,Overwatch,First-Person Shooter
Hong Kong National Team,20000,2,Overwatch,First-Person Shooter
Jin Air Green Wings,2546572.7,379,Starcraft II,Strategy
Team Liquid,1498925.04,808,Starcraft II,Strategy
SK Telecom T1,1143991.9,94,Starcraft II,Strategy
Incredible Miracle,1111753.4,138,Starcraft II,Strategy
StarTale,1014565.47,152,Starcraft II,Strategy
ENCE eSports,874436.92,106,Starcraft II,Strategy
KT Rolster,869432.12,91,Starcraft II,Strategy
Evil Geniuses,785050.9,252,Starcraft II,Strategy
MVP,717672.07,331,Starcraft II,Strategy
Millenium,673626.51,344,Starcraft II,Strategy
Splyce,672400.74,181,Starcraft II,Strategy
Prime,635241.44,195,Starcraft II,Strategy
ROOT Gaming,627435.83,610,Starcraft II,Strategy
Invictus Gaming,618066.17,248,Starcraft II,Strategy
Team Acer,587934.65,466,Starcraft II,Strategy
mousesports,542901.82,422,Starcraft II,Strategy
Ting,491264.06,145,Starcraft II,Strategy
mYinsanity,459995.35,405,Starcraft II,Strategy
Old Generations,456814.74,77,Starcraft II,Strategy
Team expert,449141.08,234,Starcraft II,Strategy
Samsung,445432.31,266,Starcraft II,Strategy
CJ Entus,428406.59,81,Starcraft II,Strategy
PSISTORM Gaming,419733.17,488,Starcraft II,Strategy
Team SCV Life,401781.95,186,Starcraft II,Strategy
FXOpen e-Sports,396182.42,142,Starcraft II,Strategy
SlayerS,383967.89,96,Starcraft II,Strategy
Dragon Phoenix Gaming,356939.13,98,Starcraft II,Strategy
Woongjin Stars,342724.34,24,Starcraft II,Strategy
Afreeca Freecs,325994.36,220,Starcraft II,Strategy
Flash Wolves,281169.44,123,Starcraft II,Strategy
STX SouL,257868.69,25,Starcraft II,Strategy
CM Storm,253404.17,74,Starcraft II,Strategy
Chivo SC,239973.64,65,Starcraft II,Strategy
Fnatic,237224.37,145,Starcraft II,Strategy
Team QLASH,231495.97,100,Starcraft II,Strategy
EURONICS Gaming,229864.05,183,Starcraft II,Strategy
GamersOrigin,201116.29,38,Starcraft II,Strategy
Newbee,198251.54,55,Starcraft II,Strategy
Team Dignitas,192653.77,217,Starcraft II,Strategy
SK Gaming,184671.48,48,Starcraft II,Strategy
Axiom eSports,176342.72,109,Starcraft II,Strategy
Ballistix,175000,1,Starcraft II,Strategy
Team Reciprocity,166770.55,23,Starcraft II,Strategy
Team Empire,155746.38,277,Starcraft II,Strategy
Triumphant Song Gaming,155201.39,105,Starcraft II,Strategy
AZUBU,151662.65,38,Starcraft II,Strategy
KaiZi Gaming,151451.32,96,Starcraft II,Strategy
Quantic Gaming,137582.67,91,Starcraft II,Strategy
Dead Pixels,132577.26,254,Starcraft II,Strategy
Team Roccat,132070.52,66,Starcraft II,Strategy
The Gosu Crew,131096.69,22,Starcraft II,Strategy
Mkers,128727.5,58,Starcraft II,Strategy
compLexity Gaming,123940.64,124,Starcraft II,Strategy
Zenith of Origin,119710.33,80,Starcraft II,Strategy
True eSport,117357.81,190,Starcraft II,Strategy
ALTERNATE aTTaX,115633.24,156,Starcraft II,Strategy
Raise Your Edge Gaming,110702.49,83,Starcraft II,Strategy
Karont3 e-Sports Club,105866.02,38,Starcraft II,Strategy
New Star HoSeo,102207.62,49,Starcraft II,Strategy
Cascade,100985.11,174,Starcraft II,Strategy
Invasion eSport,99897.23,125,Starcraft II,Strategy
OSC Elite,99817.22,147,Starcraft II,Strategy
Brave Star Gaming,99294.24,99,Starcraft II,Strategy
Ocean Gaming,97841.4,51,Starcraft II,Strategy
ZeNEX,95798.79,46,Starcraft II,Strategy
Arma Team,92710.71,68,Starcraft II,Strategy
Team Envy,87486.76,25,Starcraft II,Strategy
Alliance,84650.09,20,Starcraft II,Strategy
Radical Online X-tremists,78734.83,120,Starcraft II,Strategy
mTw,75389,79,Starcraft II,Strategy
Gama Bears,68732.28,23,Starcraft II,Strategy
Wayi Spider,66428.61,37,Starcraft II,Strategy
Alien Invasion,65750.44,129,Starcraft II,Strategy
X-Team,65599.84,62,Starcraft II,Strategy
ESC Gaming,62239.12,198,Starcraft II,Strategy
AT Gaming,59654.91,59,Starcraft II,Strategy
TitanEX1,58132.79,64,Starcraft II,Strategy
Korean National Team,55891.44,5,Starcraft II,Strategy
AGO Esports,55366.6,33,Starcraft II,Strategy
NewRoSoft,53962.44,64,Starcraft II,Strategy
For Our Utopia,52647.06,18,Starcraft II,Strategy
XMG,52604.36,84,Starcraft II,Strategy
Planetkey Dynamics,51720.23,58,Starcraft II,Strategy
Team Property,50391.62,23,Starcraft II,Strategy
Legacy eSports,50235.16,37,Starcraft II,Strategy
Western Wolves,50152.29,31,Starcraft II,Strategy
Pixel 1,48592.1,39,Starcraft II,Strategy
Elevate,47660.38,50,Starcraft II,Strategy
J Team,47608.71,20,Starcraft II,Strategy
FlipSid3 Tactics,46303.49,81,Starcraft II,Strategy
TCM Gaming,41244.11,41,Starcraft II,Strategy
Team Revolution,41089.28,72,Starcraft II,Strategy
Asterion,37175.72,68,Starcraft II,Strategy
Hong Kong Attitude,36703.17,18,Starcraft II,Strategy
Team SPACECRAFT,36071.09,39,Starcraft II,Strategy
PanDarea,34319.75,7,Starcraft II,Strategy
SBENU,34211.12,28,Starcraft II,Strategy
World Elite,33964.24,20,Starcraft II,Strategy
O'Gaming,31870.64,44,Starcraft II,Strategy
Exile5,31490.59,58,Starcraft II,Strategy
SK Telecom T1,7139771.24,46,League of Legends,Multiplayer Online Battle Arena
Samsung,4252048.74,19,League of Legends,Multiplayer Online Battle Arena
Invictus Gaming,4176617.93,65,League of Legends,Multiplayer Online Battle Arena
Royal Never Give Up,3109363.51,26,League of Legends,Multiplayer Online Battle Arena
Fnatic,2883801.44,73,League of Legends,Multiplayer Online Battle Arena
EDward Gaming,2735906.7,41,League of Legends,Multiplayer Online Battle Arena
G2 Esports,2423913.52,53,League of Legends,Multiplayer Online Battle Arena
Cloud9,1845716.65,68,League of Legends,Multiplayer Online Battle Arena
World Elite,1783573.42,62,League of Legends,Multiplayer Online Battle Arena
Team SoloMid,1695975.02,77,League of Legends,Multiplayer Online Battle Arena
Taipei Assassins,1529565.39,24,League of Legends,Multiplayer Online Battle Arena
FunPlus Phoenix,1351265.67,10,League of Legends,Multiplayer Online Battle Arena
Flash Wolves,1302176.88,36,League of Legends,Multiplayer Online Battle Arena
KT Rolster,1142290.13,40,League of Legends,Multiplayer Online Battle Arena
Top Esports,1024395.86,9,League of Legends,Multiplayer Online Battle Arena
ROX Gaming,979041.98,12,League of Legends,Multiplayer Online Battle Arena
Counter Logic Gaming,951858.22,72,League of Legends,Multiplayer Online Battle Arena
Team Liquid,900463.5,24,League of Legends,Multiplayer Online Battle Arena
DAMWON Gaming,873905.84,11,League of Legends,Multiplayer Online Battle Arena
ahq e-Sports Club,840606.45,33,League of Legends,Multiplayer Online Battle Arena
JD Gaming,836118.08,10,League of Legends,Multiplayer Online Battle Arena
OMG,722072.89,28,League of Legends,Multiplayer Online Battle Arena
Star Horn Royal Club,707196.07,25,League of Legends,Multiplayer Online Battle Arena
DragonX,694398.74,14,League of Legends,Multiplayer Online Battle Arena
NaJin e-mFire,616799.21,35,League of Legends,Multiplayer Online Battle Arena
H2K,597032.96,20,League of Legends,Multiplayer Online Battle Arena
LGD Gaming,512324.15,22,League of Legends,Multiplayer Online Battle Arena
Afreeca Freecs,494452.56,14,League of Legends,Multiplayer Online Battle Arena
Gambit Esports,493101.79,30,League of Legends,Multiplayer Online Battle Arena
Suning,466293.44,2,League of Legends,Multiplayer Online Battle Arena
Misfits,433084.72,21,League of Legends,Multiplayer Online Battle Arena
SK Gaming,421665.24,85,League of Legends,Multiplayer Online Battle Arena
Origen,420582.91,15,League of Legends,Multiplayer Online Battle Arena
CJ Entus,419505.27,31,League of Legends,Multiplayer Online Battle Arena
AZUBU,399501.38,8,League of Legends,Multiplayer Online Battle Arena
Unicorns of Love,385930.36,47,League of Legends,Multiplayer Online Battle Arena
DetonatioN,375020.25,14,League of Legends,Multiplayer Online Battle Arena
Gen.G,370848.41,10,League of Legends,Multiplayer Online Battle Arena
Longzhu Gaming,347907.81,7,League of Legends,Multiplayer Online Battle Arena
Griffin,340668.2,12,League of Legends,Multiplayer Online Battle Arena
Marines Esports,340105.46,13,League of Legends,Multiplayer Online Battle Arena
Moscow Five,338435.21,33,League of Legends,Multiplayer Online Battle Arena
I May,335703.2,5,League of Legends,Multiplayer Online Battle Arena
Splyce,311433.5,11,League of Legends,Multiplayer Online Battle Arena
Snake Esports,306151.92,15,League of Legends,Multiplayer Online Battle Arena
Vici Gaming,304346.61,12,League of Legends,Multiplayer Online Battle Arena
Team LDLC.com,290534.04,41,League of Legends,Multiplayer Online Battle Arena
Vitality,289676.3,19,League of Legends,Multiplayer Online Battle Arena
MVP,278053.2,27,League of Legends,Multiplayer Online Battle Arena
mousesports,267924.75,59,League of Legends,Multiplayer Online Battle Arena
Team Dignitas,257562.2,46,League of Legends,Multiplayer Online Battle Arena
NASR eSports,252500,2,League of Legends,Multiplayer Online Battle Arena
Millenium,248283.32,59,League of Legends,Multiplayer Online Battle Arena
Albus NoX Luna,238702.5,3,League of Legends,Multiplayer Online Battle Arena
Illuminar Gaming,238301.36,33,League of Legends,Multiplayer Online Battle Arena
100 Thieves,237475,7,League of Legends,Multiplayer Online Battle Arena
eSuba,237472.51,40,League of Legends,Multiplayer Online Battle Arena
Jin Air Green Wings,218553.88,32,League of Legends,Multiplayer Online Battle Arena
FlyQuest,215250,7,League of Legends,Multiplayer Online Battle Arena
KaBuM! e-Sports,211740.9,28,League of Legends,Multiplayer Online Battle Arena
EURONICS Gaming,210216.22,48,League of Legends,Multiplayer Online Battle Arena
Schalke 04 Esports,207984.52,17,League of Legends,Multiplayer Online Battle Arena
paiN Gaming,207841.84,31,League of Legends,Multiplayer Online Battle Arena
Saigon Jokers,201934.86,25,League of Legends,Multiplayer Online Battle Arena
Team Curse,198907.95,62,League of Legends,Multiplayer Online Battle Arena
Kaos Latin Gamers,198769.35,14,League of Legends,Multiplayer Online Battle Arena
INTZ eSports,197810.93,24,League of Legends,Multiplayer Online Battle Arena
J Team,197654.1,15,League of Legends,Multiplayer Online Battle Arena
GamersOrigin,195460.56,32,League of Legends,Multiplayer Online Battle Arena
Young Miracles,193302,5,League of Legends,Multiplayer Online Battle Arena
BIG,192775.71,24,League of Legends,Multiplayer Online Battle Arena
Dark Passage,186871.49,23,League of Legends,Multiplayer Online Battle Arena
Hong Kong Attitude,184521.78,17,League of Legends,Multiplayer Online Battle Arena
Lyon Gaming,184012.05,16,League of Legends,Multiplayer Online Battle Arena
Rogue Warriors,179599.62,5,League of Legends,Multiplayer Online Battle Arena
MAD Lions,177719.21,9,League of Legends,Multiplayer Online Battle Arena
Qiao Gu Reapers,171577.28,7,League of Legends,Multiplayer Online Battle Arena
Positive Energy,154778.03,8,League of Legends,Multiplayer Online Battle Arena
Incredible Miracle,154615.32,26,League of Legends,Multiplayer Online Battle Arena
Team King,152173.93,9,League of Legends,Multiplayer Online Battle Arena
Immortals,151837,5,League of Legends,Multiplayer Online Battle Arena
Copenhagen Wolves,150220.76,29,League of Legends,Multiplayer Online Battle Arena
SinoDragon,146609.8,5,League of Legends,Multiplayer Online Battle Arena
Rogue,136453.23,10,League of Legends,Multiplayer Online Battle Arena
Radical Online X-tremists,134286.3,26,League of Legends,Multiplayer Online Battle Arena
Vega Squadron,132273.23,14,League of Legends,Multiplayer Online Battle Arena
Keyd Stars,130240.11,31,League of Legends,Multiplayer Online Battle Arena
Bangkok Titans,129837.01,22,League of Legends,Multiplayer Online Battle Arena
Maximum Impact Gaming,129499.39,4,League of Legends,Multiplayer Online Battle Arena
Bilibili Gaming,125362.2,4,League of Legends,Multiplayer Online Battle Arena
Giants Gaming,122226.08,35,League of Legends,Multiplayer Online Battle Arena
Kuala Lumpur Hunters,119837.07,26,League of Legends,Multiplayer Online Battle Arena
Ninjas in Pyjamas,119575.32,24,League of Legends,Multiplayer Online Battle Arena
Alliance,115000,5,League of Legends,Multiplayer Online Battle Arena
Newbee,112151.4,4,League of Legends,Multiplayer Online Battle Arena
Meet Your Makers,110739.31,65,League of Legends,Multiplayer Online Battle Arena
ESC Ever,110031.24,7,League of Legends,Multiplayer Online Battle Arena
EVOS,109233.82,5,League of Legends,Multiplayer Online Battle Arena
LMQ,109112.01,8,League of Legends,Multiplayer Online Battle Arena
CNB e-Sports Club,107540.5,26,League of Legends,Multiplayer Online Battle Arena
Lazarus,3708150,24,Fortnite,Battle Royale
Cooler Esport,3299864.26,27,Fortnite,Battle Royale
Sentinels,3166116.68,20,Fortnite,Battle Royale
100 Thieves,2197413.68,36,Fortnite,Battle Royale
FaZe Clan,2118743.79,77,Fortnite,Battle Royale
Team SoloMid,1950965.22,105,Fortnite,Battle Royale
Counter Logic Gaming,1855435,12,Fortnite,Battle Royale
NRG Esports,1824653.8,61,Fortnite,Battle Royale
LeStream Esport,1355092.35,22,Fortnite,Battle Royale
Team Liquid,1222866.66,50,Fortnite,Battle Royale
Ghost Gaming,1196623.61,58,Fortnite,Battle Royale
9z Team,1000950,4,Fortnite,Battle Royale
Kungarna,712075.89,17,Fortnite,Battle Royale
Valhalla Vikings,709300,5,Fortnite,Battle Royale
Solary,629049.47,46,Fortnite,Battle Royale
Team Atlantis,586429.44,44,Fortnite,Battle Royale
Eleven Gaming,522100,31,Fortnite,Battle Royale
Cloud9,428777.6,15,Fortnite,Battle Royale
Virtus.pro,312461.47,15,Fortnite,Battle Royale
Misfits,292900,14,Fortnite,Battle Royale
Gambit Esports,278684.31,32,Fortnite,Battle Royale
World Best Gaming,262500,1,Fortnite,Battle Royale
Vitality,247554.1,26,Fortnite,Battle Royale
Become Legends,242330,24,Fortnite,Battle Royale
GamersOrigin,238280.44,13,Fortnite,Battle Royale
SK Telecom T1,232150,7,Fortnite,Battle Royale
Team Secret,196525.38,25,Fortnite,Battle Royale
Team Kinguin,183047.82,14,Fortnite,Battle Royale
Gentside Esports Club,180275.55,9,Fortnite,Battle Royale
Crazy Raccoon,160041,3,Fortnite,Battle Royale
compLexity Gaming,154750,9,Fortnite,Battle Royale
TrainHard eSport,154396.6,18,Fortnite,Battle Royale
Fnatic,153230,24,Fortnite,Battle Royale
Team Envy,151000,10,Fortnite,Battle Royale
Executors One,150000,2,Fortnite,Battle Royale
Millenium,133602.1,10,Fortnite,Battle Royale
exceL eSports,130900,4,Fortnite,Battle Royale
MCES,117150,22,Fortnite,Battle Royale
Luminosity Gaming,114266.68,17,Fortnite,Battle Royale
Helsinki REDS,113230,3,Fortnite,Battle Royale
Supremacy,111808.94,20,Fortnite,Battle Royale
Natus Vincere,111380,8,Fortnite,Battle Royale
AGO Esports,110850,7,Fortnite,Battle Royale
Tempo Storm,110000,2,Fortnite,Battle Royale
Newbee,105100,3,Fortnite,Battle Royale
World Elite,101500,2,Fortnite,Battle Royale
Riot Squad Esports,100000,2,Fortnite,Battle Royale
Alliance,72245.11,8,Fortnite,Battle Royale
Renegades,63597.6,10,Fortnite,Battle Royale
Optimal Ambition,62333.34,3,Fortnite,Battle Royale
Oserv Esport,59506.41,9,Fortnite,Battle Royale
M10 Esports,59100,10,Fortnite,Battle Royale
FunPlus Phoenix,57247,5,Fortnite,Battle Royale
Team Singularity,56032.23,8,Fortnite,Battle Royale
Raised by Kings,54837.6,5,Fortnite,Battle Royale
Dynamind,50650,2,Fortnite,Battle Royale
Riddle,50400,2,Fortnite,Battle Royale
Stratum Esports,50300,2,Fortnite,Battle Royale
FURIA Esports,50000,1,Fortnite,Battle Royale
Team GamerLegion,50000,1,Fortnite,Battle Royale
Team Queso,50000,1,Fortnite,Battle Royale
The Chiefs eSports Club,50000,1,Fortnite,Battle Royale
Wave Esports,44080,23,Fortnite,Battle Royale
Built By Gamers,35633.32,5,Fortnite,Battle Royale
Rise Nation,31000,3,Fortnite,Battle Royale
GODSENT,30350,13,Fortnite,Battle Royale
OpTic Gaming,25200,7,Fortnite,Battle Royale
XSET,23200,5,Fortnite,Battle Royale
Method,17725.05,7,Fortnite,Battle Royale
BDS Esport,14650,5,Fortnite,Battle Royale
Ovation eSports,12750,8,Fortnite,Battle Royale
Exalty,11850.96,11,Fortnite,Battle Royale
Beşiktaş e-Sports Club,10000,1,Fortnite,Battle Royale
Fade 2 Karma,10000,1,Fortnite,Battle Royale
Gen.G,9481.8,4,Fortnite,Battle Royale
mousesports,7500,2,Fortnite,Battle Royale
Ninjas in Pyjamas,7500,1,Fortnite,Battle Royale
Grizi Esport,7400,8,Fortnite,Battle Royale
Rogue,7225,4,Fortnite,Battle Royale
Veloce Esports,6300,4,Fortnite,Battle Royale
Team LDLC.com,6100,5,Fortnite,Battle Royale
Qiao Gu Reapers,5844.16,1,Fortnite,Battle Royale
Project EVERSIO,5739.24,6,Fortnite,Battle Royale
Legacy eSports,5655.2,2,Fortnite,Battle Royale
Team Parallel,5625.8,3,Fortnite,Battle Royale
eUnited,5000,1,Fortnite,Battle Royale
ExAequo,5000,1,Fortnite,Battle Royale
FlyQuest,5000,1,Fortnite,Battle Royale
Cosa Nostra Games,4500,3,Fortnite,Battle Royale
Pittsburgh Knights,4000,2,Fortnite,Battle Royale
Copenhagen Flames,3850,4,Fortnite,Battle Royale
Enterprise Gaming,3850,6,Fortnite,Battle Royale
HellRaisers,3200,1,Fortnite,Battle Royale
Mock-It eSports,3000,1,Fortnite,Battle Royale
Team Requiem,2922.34,3,Fortnite,Battle Royale
Granit Gaming,2600,3,Fortnite,Battle Royale
War Legend,2128.81,3,Fortnite,Battle Royale
vsBANDITS,2000,1,Fortnite,Battle Royale
Winstrike Team,1500,1,Fortnite,Battle Royale
Rams,1200,1,Fortnite,Battle Royale
Astralis,8503918.81,95,Counter-Strike: Global Offensive,First-Person Shooter
Team Liquid,4675925.35,138,Counter-Strike: Global Offensive,First-Person Shooter
Fnatic,4653396.2,202,Counter-Strike: Global Offensive,First-Person Shooter
Natus Vincere,3852176.82,159,Counter-Strike: Global Offensive,First-Person Shooter
Virtus.pro,3708190.63,164,Counter-Strike: Global Offensive,First-Person Shooter
FaZe Clan,3693528.94,104,Counter-Strike: Global Offensive,First-Person Shooter
mousesports,3014009.9,169,Counter-Strike: Global Offensive,First-Person Shooter
SK Gaming,2869076.54,85,Counter-Strike: Global Offensive,First-Person Shooter
Ninjas in Pyjamas,2864971.31,185,Counter-Strike: Global Offensive,First-Person Shooter
Cloud9,2571291.19,182,Counter-Strike: Global Offensive,First-Person Shooter
G2 Esports,2395354.84,111,Counter-Strike: Global Offensive,First-Person Shooter
Team Envy,2283113.9,119,Counter-Strike: Global Offensive,First-Person Shooter
Gambit Esports,1649386.58,80,Counter-Strike: Global Offensive,First-Person Shooter
Vitality,1558704.5,39,Counter-Strike: Global Offensive,First-Person Shooter
MIBR,1499032.09,58,Counter-Strike: Global Offensive,First-Person Shooter
Luminosity Gaming,1472759.47,84,Counter-Strike: Global Offensive,First-Person Shooter
OpTic Gaming,1355766.25,69,Counter-Strike: Global Offensive,First-Person Shooter
TyLoo,1232487.93,104,Counter-Strike: Global Offensive,First-Person Shooter
North,1199410.05,71,Counter-Strike: Global Offensive,First-Person Shooter
NRG Esports,1151975,89,Counter-Strike: Global Offensive,First-Person Shooter
compLexity Gaming,1112298.52,119,Counter-Strike: Global Offensive,First-Person Shooter
Heroic,1111397.85,76,Counter-Strike: Global Offensive,First-Person Shooter
ENCE eSports,1100534.22,64,Counter-Strike: Global Offensive,First-Person Shooter
Team Dignitas,1063314.3,95,Counter-Strike: Global Offensive,First-Person Shooter
BIG,1003931.45,90,Counter-Strike: Global Offensive,First-Person Shooter
Renegades,988341.74,81,Counter-Strike: Global Offensive,First-Person Shooter
Evil Geniuses,888450,25,Counter-Strike: Global Offensive,First-Person Shooter
FURIA Esports,873105,53,Counter-Strike: Global Offensive,First-Person Shooter
HellRaisers,844550.08,94,Counter-Strike: Global Offensive,First-Person Shooter
Team Kinguin,837573.07,93,Counter-Strike: Global Offensive,First-Person Shooter
Windigo Gaming,761284.2,79,Counter-Strike: Global Offensive,First-Person Shooter
Space Soldiers,760687.53,75,Counter-Strike: Global Offensive,First-Person Shooter
AVANGAR,741234.01,58,Counter-Strike: Global Offensive,First-Person Shooter
Vici Gaming,725920.46,70,Counter-Strike: Global Offensive,First-Person Shooter
AGO Esports,662989.25,56,Counter-Strike: Global Offensive,First-Person Shooter
Counter Logic Gaming,661286.14,88,Counter-Strike: Global Offensive,First-Person Shooter
MAD Lions,655837.22,15,Counter-Strike: Global Offensive,First-Person Shooter
Team LDLC.com,630876.2,115,Counter-Strike: Global Offensive,First-Person Shooter
Team SoloMid,613660.69,40,Counter-Strike: Global Offensive,First-Person Shooter
Immortals,578050,30,Counter-Strike: Global Offensive,First-Person Shooter
GODSENT,551256.14,66,Counter-Strike: Global Offensive,First-Person Shooter
Epsilon eSports,534867.08,110,Counter-Strike: Global Offensive,First-Person Shooter
OG,487250,15,Counter-Strike: Global Offensive,First-Person Shooter
Tricked eSports,476856.17,75,Counter-Strike: Global Offensive,First-Person Shooter
forZe,474262.55,60,Counter-Strike: Global Offensive,First-Person Shooter
Team Spirit,454001.21,65,Counter-Strike: Global Offensive,First-Person Shooter
HAVU Gaming,450547.34,51,Counter-Strike: Global Offensive,First-Person Shooter
ALTERNATE aTTaX,404718.49,120,Counter-Strike: Global Offensive,First-Person Shooter
MVP,381670.12,40,Counter-Strike: Global Offensive,First-Person Shooter
Sprout,328749.05,40,Counter-Strike: Global Offensive,First-Person Shooter
FlipSid3 Tactics,324196.24,53,Counter-Strike: Global Offensive,First-Person Shooter
Vega Squadron,319706.6,52,Counter-Strike: Global Offensive,First-Person Shooter
Russian National Team,281476.36,5,Counter-Strike: Global Offensive,First-Person Shooter
Chaos Esports Club,277650,46,Counter-Strike: Global Offensive,First-Person Shooter
CR4ZY,256655.64,36,Counter-Strike: Global Offensive,First-Person Shooter
eUnited,250275,106,Counter-Strike: Global Offensive,First-Person Shooter
Bravado Gaming,231652.52,39,Counter-Strike: Global Offensive,First-Person Shooter
The Chiefs eSports Club,213056.53,61,Counter-Strike: Global Offensive,First-Person Shooter
PENTA Sports,193765.9,67,Counter-Strike: Global Offensive,First-Person Shooter
Titan eSports,192401.15,35,Counter-Strike: Global Offensive,First-Person Shooter
100 Thieves,190500,12,Counter-Strike: Global Offensive,First-Person Shooter
Ghost Gaming,168829,42,Counter-Strike: Global Offensive,First-Person Shooter
Endpoint,166760.45,30,Counter-Strike: Global Offensive,First-Person Shooter
Gen.G,165600,11,Counter-Strike: Global Offensive,First-Person Shooter
The Imperial,161986.06,28,Counter-Strike: Global Offensive,First-Person Shooter
Tempo Storm,160634.6,26,Counter-Strike: Global Offensive,First-Person Shooter
EURONICS Gaming,154436.82,38,Counter-Strike: Global Offensive,First-Person Shooter
Rogue,154308.75,29,Counter-Strike: Global Offensive,First-Person Shooter
Illuminar Gaming,151032.27,19,Counter-Strike: Global Offensive,First-Person Shooter
Movistar Riders,146030.98,37,Counter-Strike: Global Offensive,First-Person Shooter
x6tence,145987.69,48,Counter-Strike: Global Offensive,First-Person Shooter
Misfits,144700,29,Counter-Strike: Global Offensive,First-Person Shooter
Vox Eminor,144519.35,39,Counter-Strike: Global Offensive,First-Person Shooter
Team Singularity,143139.46,70,Counter-Strike: Global Offensive,First-Person Shooter
Isurus Gaming,141840.33,37,Counter-Strike: Global Offensive,First-Person Shooter
SJ Gaming,140221.04,33,Counter-Strike: Global Offensive,First-Person Shooter
Team VeryGames,137179.5,30,Counter-Strike: Global Offensive,First-Person Shooter
PRIDE Gaming,132489.54,78,Counter-Strike: Global Offensive,First-Person Shooter
Selfless Gaming,123835.6,19,Counter-Strike: Global Offensive,First-Person Shooter
Echo Fox,117300,17,Counter-Strike: Global Offensive,First-Person Shooter
Invictus Gaming,116912.99,25,Counter-Strike: Global Offensive,First-Person Shooter
Splyce,116657.3,26,Counter-Strike: Global Offensive,First-Person Shooter
Copenhagen Flames,110388.35,22,Counter-Strike: Global Offensive,First-Person Shooter
Nemiga Gaming,103339.02,22,Counter-Strike: Global Offensive,First-Person Shooter
The MongolZ,102568.14,19,Counter-Strike: Global Offensive,First-Person Shooter
Winstrike Team,101245.66,31,Counter-Strike: Global Offensive,First-Person Shooter
BOOM Esports,100869.16,12,Counter-Strike: Global Offensive,First-Person Shooter
Giants Gaming,100563.02,26,Counter-Strike: Global Offensive,First-Person Shooter
Team GamerLegion,99060.07,11,Counter-Strike: Global Offensive,First-Person Shooter
INTZ eSports,98935.21,52,Counter-Strike: Global Offensive,First-Person Shooter
Grayhound Gaming,96885.12,14,Counter-Strike: Global Offensive,First-Person Shooter
3DMAX,96762.13,41,Counter-Strike: Global Offensive,First-Person Shooter
Team One,93354.62,21,Counter-Strike: Global Offensive,First-Person Shooter
PACT,92854.77,24,Counter-Strike: Global Offensive,First-Person Shooter
ARCY,92840.1,18,Counter-Strike: Global Offensive,First-Person Shooter
Swole Patrol,88000,24,Counter-Strike: Global Offensive,First-Person Shooter
KOVA Esports,87185.26,16,Counter-Strike: Global Offensive,First-Person Shooter
Syman Gaming,86874,18,Counter-Strike: Global Offensive,First-Person Shooter
iGame.com,86488.02,18,Counter-Strike: Global Offensive,First-Person Shooter
iBUYPOWER,86007.46,19,Counter-Strike: Global Offensive,First-Person Shooter
OG,33810636.13,68,Dota 2,Multiplayer Online Battle Arena
Team Liquid,22967431.1,96,Dota 2,Multiplayer Online Battle Arena
Evil Geniuses,19988670.62,115,Dota 2,Multiplayer Online Battle Arena
Newbee,13523736.43,98,Dota 2,Multiplayer Online Battle Arena
Team Secret,11492345.09,79,Dota 2,Multiplayer Online Battle Arena
Vici Gaming,11182792.92,121,Dota 2,Multiplayer Online Battle Arena
LGD Gaming,10072755.42,79,Dota 2,Multiplayer Online Battle Arena
Virtus.pro,10037385.11,125,Dota 2,Multiplayer Online Battle Arena
Wings Gaming,9739247.35,24,Dota 2,Multiplayer Online Battle Arena
Paris Saint-Germain Esports,9066946.69,27,Dota 2,Multiplayer Online Battle Arena
Invictus Gaming,6379320.97,127,Dota 2,Multiplayer Online Battle Arena
Natus Vincere,4887214.87,119,Dota 2,Multiplayer Online Battle Arena
Alliance,4821664.38,110,Dota 2,Multiplayer Online Battle Arena
Chaos Esports Club,4588813,28,Dota 2,Multiplayer Online Battle Arena
TnC Gaming,4438715.42,54,Dota 2,Multiplayer Online Battle Arena
Fnatic,4077969.64,98,Dota 2,Multiplayer Online Battle Arena
EHOME,3885246.08,67,Dota 2,Multiplayer Online Battle Arena
CDEC Gaming,3704903.32,52,Dota 2,Multiplayer Online Battle Arena
MVP,3035123.95,40,Dota 2,Multiplayer Online Battle Arena
Mineski,2234647.17,49,Dota 2,Multiplayer Online Battle Arena
Cloud9,2123549.64,38,Dota 2,Multiplayer Online Battle Arena
Team Empire,2057457.3,120,Dota 2,Multiplayer Online Battle Arena
Team DK,1538998.85,27,Dota 2,Multiplayer Online Battle Arena
Infamous,1366548.6,50,Dota 2,Multiplayer Online Battle Arena
Keen Gaming,1274656.35,36,Dota 2,Multiplayer Online Battle Arena
OpTic Gaming,1242599,13,Dota 2,Multiplayer Online Battle Arena
Royal Never Give Up,1172901.26,27,Dota 2,Multiplayer Online Battle Arena
Ninjas in Pyjamas,1000100.08,51,Dota 2,Multiplayer Online Battle Arena
compLexity Gaming,904666.99,47,Dota 2,Multiplayer Online Battle Arena
Russian National Team,802000,2,Dota 2,Multiplayer Online Battle Arena
paiN Gaming,753508.98,33,Dota 2,Multiplayer Online Battle Arena
Gambit Esports,683779.84,30,Dota 2,Multiplayer Online Battle Arena
TongFu,578260.48,31,Dota 2,Multiplayer Online Battle Arena
Ad Finem,544089.37,13,Dota 2,Multiplayer Online Battle Arena
Vega Squadron,530116.38,46,Dota 2,Multiplayer Online Battle Arena
Nigma,500124,13,Dota 2,Multiplayer Online Battle Arena
Team Serenity,491431.75,9,Dota 2,Multiplayer Online Battle Arena
Winstrike Team,416233,10,Dota 2,Multiplayer Online Battle Arena
Orange Esports,399432.59,25,Dota 2,Multiplayer Online Battle Arena
Team Spirit,337002.41,40,Dota 2,Multiplayer Online Battle Arena
HellRaisers,336892.17,34,Dota 2,Multiplayer Online Battle Arena
FlyToMoon,335161,15,Dota 2,Multiplayer Online Battle Arena
Execration,303807.43,22,Dota 2,Multiplayer Online Battle Arena
Team Aster,298218.19,28,Dota 2,Multiplayer Online Battle Arena
Rave,285198.43,17,Dota 2,Multiplayer Online Battle Arena
Geek Fam,284938.05,20,Dota 2,Multiplayer Online Battle Arena
Team Faceless,281033,10,Dota 2,Multiplayer Online Battle Arena
BOOM Esports,276570,24,Dota 2,Multiplayer Online Battle Arena
J.Storm,258600,12,Dota 2,Multiplayer Online Battle Arena
SG e-sports,256201.55,15,Dota 2,Multiplayer Online Battle Arena
mousesports,250648.85,35,Dota 2,Multiplayer Online Battle Arena
Team NP,224679,9,Dota 2,Multiplayer Online Battle Arena
Vikin.gg,219906.93,24,Dota 2,Multiplayer Online Battle Arena
Big God,218550.13,2,Dota 2,Multiplayer Online Battle Arena
Quincy Crew,186422,12,Dota 2,Multiplayer Online Battle Arena
Tigers,169171.28,5,Dota 2,Multiplayer Online Battle Arena
Escape Gaming,167996.9,5,Dota 2,Multiplayer Online Battle Arena
beastcoast,164350,17,Dota 2,Multiplayer Online Battle Arena
HyperGloryTeam,160922.77,9,Dota 2,Multiplayer Online Battle Arena
Team Adroit,156240.3,18,Dota 2,Multiplayer Online Battle Arena
Scythe Gaming,152384,5,Dota 2,Multiplayer Online Battle Arena
Greek National Team,150000,1,Dota 2,Multiplayer Online Battle Arena
Team Tinker,124439.09,15,Dota 2,Multiplayer Online Battle Arena
Speed Gaming,116355.64,10,Dota 2,Multiplayer Online Battle Arena
4 Clovers & Lepricon,105298.45,8,Dota 2,Multiplayer Online Battle Arena
Forward Gaming,102510,11,Dota 2,Multiplayer Online Battle Arena
Power Rangers,101372.62,34,Dota 2,Multiplayer Online Battle Arena
StarTale,96108.79,2,Dota 2,Multiplayer Online Battle Arena
The Imperial,92460.6,14,Dota 2,Multiplayer Online Battle Arena
Meet Your Makers,89422.58,4,Dota 2,Multiplayer Online Battle Arena
Team Malaysia,88584.27,9,Dota 2,Multiplayer Online Battle Arena
Fighting PandaS,88000,5,Dota 2,Multiplayer Online Battle Arena
Planet Odd,83500,4,Dota 2,Multiplayer Online Battle Arena
Radical Online X-tremists,83055.7,24,Dota 2,Multiplayer Online Battle Arena
Team Kinguin,81015,7,Dota 2,Multiplayer Online Battle Arena
Titan eSports,76156.9,10,Dota 2,Multiplayer Online Battle Arena
Ukranian National Team,75992.12,4,Dota 2,Multiplayer Online Battle Arena
CR4ZY,71082,11,Dota 2,Multiplayer Online Battle Arena
DeToNator,67098.17,5,Dota 2,Multiplayer Online Battle Arena
Moscow Five,66381.89,18,Dota 2,Multiplayer Online Battle Arena
Sigma,63620.13,9,Dota 2,Multiplayer Online Battle Arena
Team Random,62500,1,Dota 2,Multiplayer Online Battle Arena
Thunderbirds,62500,1,Dota 2,Multiplayer Online Battle Arena
mudgolems,59000,4,Dota 2,Multiplayer Online Battle Arena
Immortals,56000,5,Dota 2,Multiplayer Online Battle Arena
Team Dignitas,53105.89,15,Dota 2,Multiplayer Online Battle Arena
Team Archon,48323,4,Dota 2,Multiplayer Online Battle Arena
Team Zenith,48217.23,7,Dota 2,Multiplayer Online Battle Arena
London Conspiracy,47592,16,Dota 2,Multiplayer Online Battle Arena
Rex Regum Qeon,42662.27,13,Dota 2,Multiplayer Online Battle Arena
PENTA Sports,38565.52,11,Dota 2,Multiplayer Online Battle Arena
Team Unique,37200,12,Dota 2,Multiplayer Online Battle Arena
(monkey) Business,37194,2,Dota 2,Multiplayer Online Battle Arena
Made in Thailand,34800.44,4,Dota 2,Multiplayer Online Battle Arena
Elite Wolves,34277,8,Dota 2,Multiplayer Online Battle Arena
EVOS,33860,13,Dota 2,Multiplayer Online Battle Arena
No Tidehunter,31777.08,13,Dota 2,Multiplayer Online Battle Arena
Business associates,31365,9,Dota 2,Multiplayer Online Battle Arena
NoPing e-sports,30438,6,Dota 2,Multiplayer Online Battle Arena
SK Telecom T1,30018.68,7,Dota 2,Multiplayer Online Battle Arena
Gen.G,2805813.88,15,PUBG,Battle Royale
FaZe Clan,1349801,32,PUBG,Battle Royale
Team Liquid,934382.58,34,PUBG,Battle Royale
OMG,753543.35,20,PUBG,Battle Royale
OGN Entus,680073.68,28,PUBG,Battle Royale
Four Angry Men,664126.73,23,PUBG,Battle Royale
Tempo Storm,550625,16,PUBG,Battle Royale
Natus Vincere,434435,17,PUBG,Battle Royale
Cloud9,359260,24,PUBG,Battle Royale
Actoz Stars,344125.5,8,PUBG,Battle Royale
Infantry Clan,340077.96,13,PUBG,Battle Royale
Welcome to South Georgo,322800,9,PUBG,Battle Royale
Team SoloMid,292975,17,PUBG,Battle Royale
Afreeca Freecs,278101.48,18,PUBG,Battle Royale
Ghost Gaming,263160,17,PUBG,Battle Royale
VC Gaming,251280.6,3,PUBG,Battle Royale
Snake Esports,229724,8,PUBG,Battle Royale
KSV eSports,225728.2,9,PUBG,Battle Royale
Shoot To Kill,224963.75,14,PUBG,Battle Royale
Susquehanna Soniqs,181088.75,12,PUBG,Battle Royale
Pittsburgh Knights,178145,16,PUBG,Battle Royale
Luminous Stars,177829.84,10,PUBG,Battle Royale
ahq e-Sports Club,174295.85,16,PUBG,Battle Royale
Armory Gaming,158853.63,13,PUBG,Battle Royale
ENCE eSports,132677.56,8,PUBG,Battle Royale
Team Kongdoo,131998.5,11,PUBG,Battle Royale
AVANGAR,108235,9,PUBG,Battle Royale
Divine Esports,107996.41,8,PUBG,Battle Royale
Vici Gaming,107086.99,13,PUBG,Battle Royale
SK Telecom T1,106636.53,5,PUBG,Battle Royale
Wildcard Gaming,105104.75,13,PUBG,Battle Royale
Team Envy,104020,11,PUBG,Battle Royale
Triumphant Song Gaming,102491.77,5,PUBG,Battle Royale
QConfirm,101776.14,5,PUBG,Battle Royale
LGD Gaming,101628.05,9,PUBG,Battle Royale
Genesis,101258,4,PUBG,Battle Royale
Russian National Team,100000,1,PUBG,Battle Royale
QM Gaming,98702.56,6,PUBG,Battle Royale
Athletico,98195.23,9,PUBG,Battle Royale
G2 Esports,96000,6,PUBG,Battle Royale
The Rumblers,96000,5,PUBG,Battle Royale
Lazarus,95950,8,PUBG,Battle Royale
Ninjas in Pyjamas,95881.03,8,PUBG,Battle Royale
Buriram United Esports,92945.34,7,PUBG,Battle Royale
Luminosity Gaming,84000,2,PUBG,Battle Royale
Griffin,83274.06,5,PUBG,Battle Royale
Tornado Energy,82594.1,11,PUBG,Battle Royale
Royal Never Give Up,81734.76,8,PUBG,Battle Royale
Northern Lights,72850,8,PUBG,Battle Royale
DeToNator,72021.2,10,PUBG,Battle Royale
Team Roccat,70801.5,5,PUBG,Battle Royale
Made in Thailand,69946.23,9,PUBG,Battle Royale
Sunsister,63119.42,10,PUBG,Battle Royale
against All authority,60000,1,PUBG,Battle Royale
Purple Mood E-Sport,59316.48,11,PUBG,Battle Royale
Korean National Team,58000,1,PUBG,Battle Royale
wisdom Nerve victory,57542.4,2,PUBG,Battle Royale
OpTic Gaming,56850,7,PUBG,Battle Royale
FURY,55708.6,7,PUBG,Battle Royale
M19,55000,4,PUBG,Battle Royale
Global Esports Xsset,54259.38,5,PUBG,Battle Royale
PENTA Sports,51221.2,7,PUBG,Battle Royale
Canadian National Team,50000,1,PUBG,Battle Royale
DivisionX Gaming,50000,2,PUBG,Battle Royale
RED Canids,46976.13,4,PUBG,Battle Royale
Team Unique,45500,2,PUBG,Battle Royale
Qiao Gu Reapers,45372,1,PUBG,Battle Royale
Nova eSports,45176,6,PUBG,Battle Royale
WClick,44600,3,PUBG,Battle Royale
Vietnamese National Team,44000,1,PUBG,Battle Royale
CERBERUS Esports,42877.35,8,PUBG,Battle Royale
Noble eSports,39200,4,PUBG,Battle Royale
DetonatioN,38315.36,6,PUBG,Battle Royale
German National Team,38000,1,PUBG,Battle Royale
Vitality,38000,9,PUBG,Battle Royale
eUnited,37690,9,PUBG,Battle Royale
Winstrike Team,37000,2,PUBG,Battle Royale
ArkAngel,35500,4,PUBG,Battle Royale
303 Esports,34508.75,5,PUBG,Battle Royale
Thai National Team,34000,1,PUBG,Battle Royale
FunPlus Phoenix,33886.17,4,PUBG,Battle Royale
Team Dignitas,31960,6,PUBG,Battle Royale
Taiwanese National Team,30000,1,PUBG,Battle Royale
Flash Wolves,29571.51,8,PUBG,Battle Royale
Rex Regum Qeon,29549.38,5,PUBG,Battle Royale
The Chiefs eSports Club,29282.27,4,PUBG,Battle Royale
Spacestation Gaming,28985,7,PUBG,Battle Royale
Team Singularity,27219.71,7,PUBG,Battle Royale
Chinese National Team,26000,1,PUBG,Battle Royale
Simplicity Esports,26000,3,PUBG,Battle Royale
Rascal Jester,25135.74,9,PUBG,Battle Royale
MVP,25081,6,PUBG,Battle Royale
FURIA Esports,24708.1,7,PUBG,Battle Royale
ALTERNATE aTTaX,22425.57,6,PUBG,Battle Royale
Elgiganten Gaming,22312.06,9,PUBG,Battle Royale
Argentinian National Team,22000,1,PUBG,Battle Royale
EDward Gaming,21908.92,6,PUBG,Battle Royale
J Team,21684.18,3,PUBG,Battle Royale
Black Dragons e-Sports,21541.11,5,PUBG,Battle Royale
Method,21000,5,PUBG,Battle Royale
G2 Esports,575312.54,66,Heroes of the Storm,Multiplayer Online Battle Arena
Nordavind,483601.94,43,Heroes of the Storm,Multiplayer Online Battle Arena
Cloud9,447242.63,107,Heroes of the Storm,Multiplayer Online Battle Arena
Team Liquid,426166.89,94,Heroes of the Storm,Multiplayer Online Battle Arena
Flash Wolves,417131.2,35,Heroes of the Storm,Multiplayer Online Battle Arena
Lazarus,366039,13,Heroes of the Storm,Multiplayer Online Battle Arena
compLexity Gaming,349189.46,74,Heroes of the Storm,Multiplayer Online Battle Arena
Planet Odd,344871.14,12,Heroes of the Storm,Multiplayer Online Battle Arena
Team Celestial,325502.87,24,Heroes of the Storm,Multiplayer Online Battle Arena
Tempo Storm,321833.14,106,Heroes of the Storm,Multiplayer Online Battle Arena
Team One More,321122.23,9,Heroes of the Storm,Multiplayer Online Battle Arena
Millenium,302268.47,36,Heroes of the Storm,Multiplayer Online Battle Arena
Virtus.pro,300120.06,19,Heroes of the Storm,Multiplayer Online Battle Arena
Team Archon,298733.08,59,Heroes of the Storm,Multiplayer Online Battle Arena
GamersOrigin,297974.11,43,Heroes of the Storm,Multiplayer Online Battle Arena
Team Spirit,275968.49,23,Heroes of the Storm,Multiplayer Online Battle Arena
Vici Gaming,242563.67,20,Heroes of the Storm,Multiplayer Online Battle Arena
Alliance,230972.12,25,Heroes of the Storm,Multiplayer Online Battle Arena
SK Telecom T1,229818.05,37,Heroes of the Storm,Multiplayer Online Battle Arena
Nihilum Gaming,204174.42,30,Heroes of the Storm,Multiplayer Online Battle Arena
Natus Vincere,187439.55,25,Heroes of the Storm,Multiplayer Online Battle Arena
Royal Never Give Up,166486.32,11,Heroes of the Storm,Multiplayer Online Battle Arena
SK Gaming,164747.85,40,Heroes of the Storm,Multiplayer Online Battle Arena
Invictus Gaming,159981.3,17,Heroes of the Storm,Multiplayer Online Battle Arena
Chinese National Team,138138.25,5,Heroes of the Storm,Multiplayer Online Battle Arena
Suning,136050,8,Heroes of the Storm,Multiplayer Online Battle Arena
Solary,135138.11,16,Heroes of the Storm,Multiplayer Online Battle Arena
American National Team,130949.95,5,Heroes of the Storm,Multiplayer Online Battle Arena
Luminosity Gaming,129200.35,22,Heroes of the Storm,Multiplayer Online Battle Arena
Team Gamer Sensei,125255.28,9,Heroes of the Storm,Multiplayer Online Battle Arena
ahq e-Sports Club,119902.72,15,Heroes of the Storm,Multiplayer Online Battle Arena
J Team,118745,1,Heroes of the Storm,Multiplayer Online Battle Arena
Fade 2 Karma,110512.34,45,Heroes of the Storm,Multiplayer Online Battle Arena
Illuminar Gaming,104994.51,16,Heroes of the Storm,Multiplayer Online Battle Arena
Newbee,102409.46,20,Heroes of the Storm,Multiplayer Online Battle Arena
World Elite,97445,21,Heroes of the Storm,Multiplayer Online Battle Arena
Team SoloMid,88550,36,Heroes of the Storm,Multiplayer Online Battle Arena
Vitality,83143.33,31,Heroes of the Storm,Multiplayer Online Battle Arena
Team Dignitas,81520.49,36,Heroes of the Storm,Multiplayer Online Battle Arena
Czech National Team,67400,3,Heroes of the Storm,Multiplayer Online Battle Arena
ROOT Gaming,67193.85,18,Heroes of the Storm,Multiplayer Online Battle Arena
Arma Team,61549.29,34,Heroes of the Storm,Multiplayer Online Battle Arena
NRG Esports,58125,8,Heroes of the Storm,Multiplayer Online Battle Arena
TongFu,57191.43,10,Heroes of the Storm,Multiplayer Online Battle Arena
Escape Gaming,53125,3,Heroes of the Storm,Multiplayer Online Battle Arena
Ukranian National Team,52625,3,Heroes of the Storm,Multiplayer Online Battle Arena
Omnislash,48072.83,10,Heroes of the Storm,Multiplayer Online Battle Arena
eSuba,45882.58,25,Heroes of the Storm,Multiplayer Online Battle Arena
Brazilian National Team,45625,3,Heroes of the Storm,Multiplayer Online Battle Arena
Radiance,44375,12,Heroes of the Storm,Multiplayer Online Battle Arena
New Zealand National Team,39000,3,Heroes of the Storm,Multiplayer Online Battle Arena
Wayi Spider,38613.91,12,Heroes of the Storm,Multiplayer Online Battle Arena
Team Hearthlytics,37510,13,Heroes of the Storm,Multiplayer Online Battle Arena
Norweigan National Team,37000,3,Heroes of the Storm,Multiplayer Online Battle Arena
Team Curse,35084.18,9,Heroes of the Storm,Multiplayer Online Battle Arena
Spacestation Gaming,33900,10,Heroes of the Storm,Multiplayer Online Battle Arena
Team Oplon,32500,1,Heroes of the Storm,Multiplayer Online Battle Arena
Hong Kong National Team,31500,3,Heroes of the Storm,Multiplayer Online Battle Arena
Sentinels,29900,17,Heroes of the Storm,Multiplayer Online Battle Arena
Meet Your Makers,29133.76,29,Heroes of the Storm,Multiplayer Online Battle Arena
Danish National Team,28000,3,Heroes of the Storm,Multiplayer Online Battle Arena
Konix eSport,27250,1,Heroes of the Storm,Multiplayer Online Battle Arena
British National Team,26000,3,Heroes of the Storm,Multiplayer Online Battle Arena
Korean National Team,25025,3,Heroes of the Storm,Multiplayer Online Battle Arena
Bulgarian National Team,24000,2,Heroes of the Storm,Multiplayer Online Battle Arena
Raise Your Edge Gaming,22750,11,Heroes of the Storm,Multiplayer Online Battle Arena
Counter Logic Gaming,22668.38,3,Heroes of the Storm,Multiplayer Online Battle Arena
Kyoto eSports,22315.7,11,Heroes of the Storm,Multiplayer Online Battle Arena
Misfits,22249.58,9,Heroes of the Storm,Multiplayer Online Battle Arena
Team Phantasma,21975,8,Heroes of the Storm,Multiplayer Online Battle Arena
ANOX,20836.94,4,Heroes of the Storm,Multiplayer Online Battle Arena
EDward Gaming,20445.27,6,Heroes of the Storm,Multiplayer Online Battle Arena
Big3,18683.42,7,Heroes of the Storm,Multiplayer Online Battle Arena
Vicious Syndicate Gaming,16925,10,Heroes of the Storm,Multiplayer Online Battle Arena
Singaporian National Team,16625,3,Heroes of the Storm,Multiplayer Online Battle Arena
Spanish National Team,16625,3,Heroes of the Storm,Multiplayer Online Battle Arena
Portugese National Team,16000,2,Heroes of the Storm,Multiplayer Online Battle Arena
Japanese National Team,15500,3,Heroes of the Storm,Multiplayer Online Battle Arena
Dutch National Team,14625,3,Heroes of the Storm,Multiplayer Online Battle Arena
PENTA Sports,14073.29,10,Heroes of the Storm,Multiplayer Online Battle Arena
Team Singularity,13250,5,Heroes of the Storm,Multiplayer Online Battle Arena
Trig Esports,12799.81,8,Heroes of the Storm,Multiplayer Online Battle Arena
Chilean National Team,12000,2,Heroes of the Storm,Multiplayer Online Battle Arena
Swiss National Team,12000,2,Heroes of the Storm,Multiplayer Online Battle Arena
GODSENT,11750,5,Heroes of the Storm,Multiplayer Online Battle Arena
Pittsburgh Knights,11500,7,Heroes of the Storm,Multiplayer Online Battle Arena
AGO Esports,11434.16,6,Heroes of the Storm,Multiplayer Online Battle Arena
FC Barcelona,11000,5,Heroes of the Storm,Multiplayer Online Battle Arena
Valencia CF eSports,10250,2,Heroes of the Storm,Multiplayer Online Battle Arena
Mexican National Team,10200,3,Heroes of the Storm,Multiplayer Online Battle Arena
Belgian National Team,10025,3,Heroes of the Storm,Multiplayer Online Battle Arena
Canadian National Team,10025,3,Heroes of the Storm,Multiplayer Online Battle Arena
Italian National Team,10000,3,Heroes of the Storm,Multiplayer Online Battle Arena
The Gosu Crew,9718.96,3,Heroes of the Storm,Multiplayer Online Battle Arena
Greek National Team,9600,3,Heroes of the Storm,Multiplayer Online Battle Arena
German National Team,9425,3,Heroes of the Storm,Multiplayer Online Battle Arena
Thai National Team,9400,3,Heroes of the Storm,Multiplayer Online Battle Arena
Polish National Team,9025,3,Heroes of the Storm,Multiplayer Online Battle Arena
Swedish National Team,9025,3,Heroes of the Storm,Multiplayer Online Battle Arena
Romanian National Team,9000,3,Heroes of the Storm,Multiplayer Online Battle Arena
MVP,1656839.93,24,Hearthstone,Collectible Card Game
Team Dignitas,1178555.54,30,Hearthstone,Collectible Card Game
Fnatic,931148.76,39,Hearthstone,Collectible Card Game
Gen.G,700000,4,Hearthstone,Collectible Card Game
Ballistix,680000,9,Hearthstone,Collectible Card Game
eStar Gaming,638445.71,44,Hearthstone,Collectible Card Game
Tempest,544085,14,Hearthstone,Collectible Card Game
Tempo Storm,505121,41,Hearthstone,Collectible Card Game
Team Liquid,433315.75,42,Hearthstone,Collectible Card Game
Cloud9,393735.81,34,Hearthstone,Collectible Card Game
Gale Force eSports,275967,23,Hearthstone,Collectible Card Game
EDward Gaming,273145.71,38,Hearthstone,Collectible Card Game
L5,259630,7,Hearthstone,Collectible Card Game
Team Naventic,217569,10,Hearthstone,Collectible Card Game
Team expert,200677.18,5,Hearthstone,Collectible Card Game
Tricked eSports,200000,4,Hearthstone,Collectible Card Game
KSV eSports,160000,3,Hearthstone,Collectible Card Game
mYinsanity,157900,9,Hearthstone,Collectible Card Game
Natus Vincere,135273.04,20,Hearthstone,Collectible Card Game
Team No Limit,132718.55,9,Hearthstone,Collectible Card Game
X-Team,129870.69,27,Hearthstone,Collectible Card Game
Team DK,127944.58,6,Hearthstone,Collectible Card Game
Method,125000,5,Hearthstone,Collectible Card Game
Astral Authority,107500,7,Hearthstone,Collectible Card Game
Denial Esports,79500,4,Hearthstone,Collectible Card Game
Snake Esports,69315.87,7,Hearthstone,Collectible Card Game
Mindfreak,54000,6,Hearthstone,Collectible Card Game
COGnitive Gaming,50100,11,Hearthstone,Collectible Card Game
G2 Esports,47493.55,19,Hearthstone,Collectible Card Game
Misfits,40000,3,Hearthstone,Collectible Card Game
Virtus.pro,35721.36,12,Hearthstone,Collectible Card Game
Exile5,32958.73,5,Hearthstone,Collectible Card Game
RED Canids,32500,6,Hearthstone,Collectible Card Game
OMG,30456.01,7,Hearthstone,Collectible Card Game
Team Roccat,30172.96,6,Hearthstone,Collectible Card Game
compLexity Gaming,28100,15,Hearthstone,Collectible Card Game
Panda Global,22000,6,Hearthstone,Collectible Card Game
Brain Power,15000,1,Hearthstone,Collectible Card Game
Bob Question Mark,13240.19,6,Hearthstone,Collectible Card Game
Brave e-Sports,10800,2,Hearthstone,Collectible Card Game
Newbee,8919.75,8,Hearthstone,Collectible Card Game
Polish National Team,8000,1,Hearthstone,Collectible Card Game
Dark Sided,7500,1,Hearthstone,Collectible Card Game
ahq e-Sports Club,6133.56,2,Hearthstone,Collectible Card Game
CNB e-Sports Club,6002.41,7,Hearthstone,Collectible Card Game
Epsilon eSports,5000,1,Hearthstone,Collectible Card Game
Reason Gaming,5000,1,Hearthstone,Collectible Card Game
ALTERNATE aTTaX,4755.57,7,Hearthstone,Collectible Card Game
Granit Gaming,3775,10,Hearthstone,Collectible Card Game
El NeXo,3307.48,9,Hearthstone,Collectible Card Game
INTZ eSports,3250,4,Hearthstone,Collectible Card Game
SK Gaming,3075,6,Hearthstone,Collectible Card Game
Dutch National Team,3000,1,Hearthstone,Collectible Card Game
French National Team,3000,1,Hearthstone,Collectible Card Game
German National Team,3000,1,Hearthstone,Collectible Card Game
Hungarian National Team,3000,1,Hearthstone,Collectible Card Game
Italian National Team,3000,1,Hearthstone,Collectible Card Game
Russian National Team,3000,1,Hearthstone,Collectible Card Game
Swedish National Team,3000,1,Hearthstone,Collectible Card Game
Isurus Gaming,2000,1,Hearthstone,Collectible Card Game
Elevate,1600,2,Hearthstone,Collectible Card Game
Belgian National Team,1500,1,Hearthstone,Collectible Card Game
British National Team,1500,1,Hearthstone,Collectible Card Game
Czech National Team,1500,1,Hearthstone,Collectible Card Game
Danish National Team,1500,1,Hearthstone,Collectible Card Game
Finnish National Team,1500,1,Hearthstone,Collectible Card Game
Portugese National Team,1500,1,Hearthstone,Collectible Card Game
Spanish National Team,1500,1,Hearthstone,Collectible Card Game
Ukranian National Team,1500,1,Hearthstone,Collectible Card Game
Luminosity Gaming,1300,2,Hearthstone,Collectible Card Game
Wind and Rain,1217.78,1,Hearthstone,Collectible Card Game
Black Dragons e-Sports,1000,1,Hearthstone,Collectible Card Game
ePunks,800,1,Hearthstone,Collectible Card Game
Team Kinguin,750,1,Hearthstone,Collectible Card Game
Millenium,640.67,2,Hearthstone,Collectible Card Game
TCM Gaming,500,1,Hearthstone,Collectible Card Game
mousesports,416.84,3,Hearthstone,Collectible Card Game
Star Horn Royal Club,306,1,Hearthstone,Collectible Card Game
3DMAX,300,3,Hearthstone,Collectible Card Game
Team Acer,175,1,Hearthstone,Collectible Card Game
eStar Gaming,2613323.67,5,Arena of Valor,Multiplayer Online Battle Arena
Hero JiuJ,1104361.96,5,Arena of Valor,Multiplayer Online Battle Arena
Qiao Gu Reapers,951865.26,5,Arena of Valor,Multiplayer Online Battle Arena
Buriram United Esports,658817.54,7,Arena of Valor,Multiplayer Online Battle Arena
Royal Never Give Up,361620.46,4,Arena of Valor,Multiplayer Online Battle Arena
J Team,336308.02,3,Arena of Valor,Multiplayer Online Battle Arena
EDward Gaming,321077.65,5,Arena of Valor,Multiplayer Online Battle Arena
Bazaar Gaming,300325.26,7,Arena of Valor,Multiplayer Online Battle Arena
Vietnamese National Team,268500,3,Arena of Valor,Multiplayer Online Battle Arena
ahq e-Sports Club,267634.02,9,Arena of Valor,Multiplayer Online Battle Arena
Talon Esports,231691.7,4,Arena of Valor,Multiplayer Online Battle Arena
Triumphant Song Gaming,222943.81,2,Arena of Valor,Multiplayer Online Battle Arena
King of Gamers Club,211777.93,5,Arena of Valor,Multiplayer Online Battle Arena
Korean National Team,203000,1,Arena of Valor,Multiplayer Online Battle Arena
Flash Wolves,199461.65,4,Arena of Valor,Multiplayer Online Battle Arena
Taiwanese National Team,196000,3,Arena of Valor,Multiplayer Online Battle Arena
Thai National Team,187000,2,Arena of Valor,Multiplayer Online Battle Arena
DragonX,179170.89,6,Arena of Valor,Multiplayer Online Battle Arena
Rogue Warriors,165306.18,4,Arena of Valor,Multiplayer Online Battle Arena
Nova eSports,163317.81,8,Arena of Valor,Multiplayer Online Battle Arena
ROX Gaming,142889.92,5,Arena of Valor,Multiplayer Online Battle Arena
Hong Kong Attitude,111667.89,3,Arena of Valor,Multiplayer Online Battle Arena
EVOS,86596.83,6,Arena of Valor,Multiplayer Online Battle Arena
Chinese National Team,67500,3,Arena of Valor,Multiplayer Online Battle Arena
French National Team,50000,1,Arena of Valor,Multiplayer Online Battle Arena
MVP,41363.97,2,Arena of Valor,Multiplayer Online Battle Arena
Team Allegiance,40000,2,Arena of Valor,Multiplayer Online Battle Arena
American National Team,34500,2,Arena of Valor,Multiplayer Online Battle Arena
Immortals,31000,2,Arena of Valor,Multiplayer Online Battle Arena
GameTV,26615.4,2,Arena of Valor,Multiplayer Online Battle Arena
Team Queso,25000,2,Arena of Valor,Multiplayer Online Battle Arena
Actoz Stars,22250,1,Arena of Valor,Multiplayer Online Battle Arena
German National Team,20000,1,Arena of Valor,Multiplayer Online Battle Arena
Italian National Team,15000,1,Arena of Valor,Multiplayer Online Battle Arena
paiN Gaming,15000,1,Arena of Valor,Multiplayer Online Battle Arena
FlipSid3 Tactics,11000,2,Arena of Valor,Multiplayer Online Battle Arena
INTZ eSports,10000,1,Arena of Valor,Multiplayer Online Battle Arena
Spanish National Team,10000,1,Arena of Valor,Multiplayer Online Battle Arena
Team Flash,10000,1,Arena of Valor,Multiplayer Online Battle Arena
Team QLASH,10000,1,Arena of Valor,Multiplayer Online Battle Arena
Vitality,10000,1,Arena of Valor,Multiplayer Online Battle Arena
x6tence,10000,2,Arena of Valor,Multiplayer Online Battle Arena
MEGA Esports,6544.4,1,Arena of Valor,Multiplayer Online Battle Arena
Rex Regum Qeon,6286.8,2,Arena of Valor,Multiplayer Online Battle Arena
Alliance,4000,1,Arena of Valor,Multiplayer Online Battle Arena
Marines Esports,3429.6,1,Arena of Valor,Multiplayer Online Battle Arena
British National Team,2500,1,Arena of Valor,Multiplayer Online Battle Arena
Swedish National Team,2500,1,Arena of Valor,Multiplayer Online Battle Arena
